student_id,company_id
337746,9
327484,551
210525,80
877773,282
651777,876
731568,349
406226,570
704487,348
307620,645
544310,331
857164,160
754136,10
348464,144
865732,2
276330,285
850120,637
726366,441
810662,343
507591,118
673509,810
692757,389
991869,248
278468,87
556903,85
159682,249
819528,10
748521,550
157521,555
851999,686
983764,415
213046,586
314765,148
615267,13
277717,121
389566,593
388728,963
190822,562
715190,231
705835,839
519125,175
744060,900
195943,422
232375,313
409131,619
451901,200
480186,861
887388,324
847633,486
976336,115
362364,314
159133,199
700398,670
751862,746
307237,806
164375,550
156361,511
214416,251
440520,69
844303,255
882843,241
556563,237
785917,557
139452,230
351628,93
456446,528
202544,952
683371,880
872347,155
835552,353
224824,397
679459,277
692713,896
447913,287
159643,210
552839,281
757968,987
446163,496
212839,666
424387,883
741542,184
444602,376
567198,672
588901,835
376427,834
793630,635
825406,181
925988,114
185728,382
904092,542
584720,248
404954,265
399487,100
526907,839
584752,772
557447,497
432137,159
420624,712
666718,793
188788,1
590436,822
912930,634
622642,270
899221,745
251242,33
248753,11
858239,20
357117,611
395610,909
594625,958
916084,351
151665,519
390066,642
452563,632
859673,929
208853,329
176810,654
322142,856
352096,159
140928,453
437984,230
227863,181
704965,826
674213,511
500661,920
895688,738
958184,81
328542,823
168236,81
740395,629
640880,782
962903,162
148500,443
752716,199
674146,786
732898,18
997322,634
151513,899
374032,780
632553,323
246301,562
699676,581
312092,162
203921,825
560968,235
371396,197
596600,219
326361,240
949035,658
212809,806
903182,43
417639,34
262190,499
346844,670
808766,868
742066,573
605026,30
232388,991
766053,180
244843,233
647155,797
508879,981
385993,109
859741,962
225215,432
758616,12
330704,215
759041,212
618168,610
466334,539
406561,609
476728,181
143021,806
794355,596
689197,286
672685,210
650647,453
350441,723
493969,205
960130,253
284880,390
734214,640
152948,508
566461,353
434178,401
684508,281
607378,899
694398,302
326279,744
876445,349
613973,177
335988,867
458406,869
733744,810
642273,250
239607,738
628191,924
446916,636
446790,491
150900,574
633020,547
842466,285
811757,156
168986,594
807167,316
844667,858
441120,685
896656,859
314732,371
521176,851
124193,926
924814,389
843830,960
890391,354
858440,433
822662,855
853960,879
171948,760
468434,133
242567,638
738105,342
282286,31
500281,539
403907,692
313763,887
632935,120
228403,819
712084,223
394796,659
641650,226
749049,933
890287,596
145721,864
263299,670
161943,61
883188,673
800075,559
259348,239
188288,168
570016,215
550876,594
216205,426
675654,344
876934,989
138132,57
581719,280
849007,119
149954,899
845082,449
467219,774
713447,347
572869,768
160972,214
297665,656
349050,889
765648,162
232314,80
985747,865
317225,120
336097,612
177225,334
901129,382
312832,366
740175,537
239391,789
210423,769
584805,495
625174,615
973372,623
256319,579
814884,781
900362,123
412885,807
522624,234
640715,661
952730,476
422402,372
351286,844
475236,254
302556,563
184852,318
904519,125
374517,788
270580,315
329122,351
932530,756
672782,551
928756,846
531523,613
249204,979
628784,218
204809,330
335677,29
994859,109
877971,600
208962,171
772433,72
565065,377
556126,981
856896,599
646014,332
558037,447
951741,899
965950,963
301048,327
245271,72
502849,633
434955,592
634836,175
207096,232
215482,104
756051,763
152127,625
517555,867
987593,700
488915,355
686679,613
978073,687
829602,65
980581,678
590431,519
921925,200
148096,93
593620,490
317312,85
666209,583
167537,391
397675,371
237322,116
162322,68
508616,524
730636,841
912604,936
912484,267
891448,243
786338,395
238521,395
549436,129
175285,846
188241,595
359015,708
832295,808
120623,984
921158,212
574602,278
309485,984
863110,941
273968,47
632213,865
892237,989
954028,574
424132,563
853629,33
504164,546
119685,87
452901,625
967177,621
176044,66
166529,629
252405,148
758255,665
422440,913
336470,835
595781,599
161372,407
830268,11
939018,369
574138,910
822608,626
306907,592
808575,646
166108,105
203419,758
843154,659
781547,788
296291,996
227115,821
175949,553
695130,413
299269,563
280071,528
258399,379
414825,596
881726,874
761031,428
410704,683
998556,682
758554,676
868830,710
557514,130
819493,819
113225,369
959607,637
394923,687
413477,472
783312,866
605350,421
106878,524
791131,611
371070,33
333006,114
951280,966
401101,521
215992,8
236522,962
874551,824
499141,576
752178,329
746749,243
228714,737
805995,58
826382,574
793483,65
112242,679
250912,800
636864,355
930025,24
710040,343
551830,834
770578,144
490879,510
457657,415
830864,22
659819,982
690629,932
239075,839
823749,439
659585,439
601404,761
386153,698
913762,954
307738,54
869182,495
107924,93
237882,110
920775,890
634141,228
264656,467
520887,173
136125,65
639775,110
638789,625
612231,338
910837,740
667608,976
398211,532
920516,971
313494,161
810764,373
387236,280
153505,299
500190,508
537604,852
482744,885
683747,703
484701,832
930490,512
460576,802
913535,240
737623,786
206754,440
322353,197
971223,127
531090,346
830716,253
982617,800
931012,378
433371,533
710417,27
941535,414
262945,838
846520,64
943116,299
406852,90
602692,74
430743,586
896665,91
195616,6
302004,299
363372,350
113846,808
367840,796
680513,651
598565,901
210693,30
532879,600
944481,56
758534,982
698970,512
441320,249
816306,340
241551,493
720794,195
427374,810
522977,272
242723,674
508549,910
438780,686
347686,512
809048,480
258512,737
400124,301
283019,454
252730,62
330042,559
732021,878
186742,880
225999,389
185326,919
405499,390
514968,789
936953,151
472028,66
249555,632
432426,8
917637,5
145700,862
487165,419
763762,133
451331,370
481455,492
341837,100
563070,702
870621,365
542153,715
546662,103
449914,103
617191,978
778593,651
177634,380
721415,5
442919,349
808114,668
153798,647
815838,604
550847,446
575505,172
870623,712
851003,895
934191,971
927211,182
873873,619
734147,455
976403,748
625235,822
687398,918
661344,778
964405,769
315842,713
409077,34
174211,504
919399,615
105195,72
704875,203
482880,275
853554,890
110566,246
148687,205
325602,689
293011,130
403108,736
159679,122
547986,690
855881,980
923540,207
854308,605
573768,898
524417,957
867769,863
315402,599
854757,366
540048,718
182558,87
231577,339
324451,161
229010,62
123173,655
616632,599
538780,544
411086,495
286286,39
258032,761
994840,914
315621,638
747267,757
479368,836
380395,203
744100,86
446538,139
192705,417
893853,349
171439,290
431478,969
934011,494
183810,934
221555,647
965743,113
405437,66
881648,52
691941,664
865206,217
364163,808
332224,16
661749,534
324928,824
347315,492
732948,766
201125,401
265049,50
804451,952
977156,25
731545,537
343353,116
954766,77
588570,451
522674,914
555150,430
419762,138
441089,144
493968,941
845936,157
172944,495
101874,354
170972,846
929539,146
605149,180
786071,631
226121,734
444488,589
251353,468
236359,545
424076,701
452741,380
894567,485
316876,671
751104,253
503397,802
209350,470
788895,221
262519,387
649052,739
682218,70
748754,106
293016,857
700827,344
770066,909
517307,382
643250,815
656393,994
158304,367
715603,411
549415,149
702158,203
532454,588
788189,38
266547,56
796123,203
773783,428
327754,488
667171,932
228093,48
756339,886
680340,321
147426,877
714120,765
751485,596
315181,368
606623,280
435179,682
245074,736
688920,997
660209,309
976141,53
278248,603
319982,242
528613,216
126656,247
411669,524
281392,490
668192,399
560188,458
560439,244
755235,457
880107,955
649770,783
333076,80
744184,590
351994,213
823785,258
465202,306
957571,466
580901,459
187238,268
241909,223
561303,214
112500,346
676763,616
229166,462
209745,88
130614,318
214026,108
489364,996
803398,428
346610,940
726170,868
182189,774
345999,104
699338,803
677434,569
477468,224
319393,862
224998,68
954495,135
383066,708
847563,873
825430,848
553492,764
355643,427
581399,535
162017,588
960382,297
512268,335
112881,993
301672,105
668545,196
107433,525
209145,468
925488,339
170843,257
353225,700
461382,180
713175,389
156233,803
953956,728
410162,585
730473,323
224102,544
800706,498
326214,264
158014,622
142003,447
218726,370
597463,178
784552,663
626480,739
927491,63
216386,353
422399,274
543305,834
368638,905
940880,587
636361,717
482324,636
915804,319
389410,274
756689,105
933893,436
889827,433
670644,466
713393,453
192440,185
218873,368
513907,809
275732,614
275876,162
722811,763
267452,935
401622,726
160519,238
817678,408
112358,669
964141,227
864390,320
347258,617
403365,253
671574,272
877153,509
857944,280
578016,866
888557,645
486847,23
671722,607
432554,524
239434,81
300506,338
673126,887
721919,571
297907,60
356160,762
971198,364
934244,102
626254,262
383753,244
501067,640
915581,54
749356,135
558556,307
223834,865
966536,832
930035,248
168506,502
731354,647
619188,900
286708,29
223894,245
817841,328
613928,603
344849,932
806835,295
668697,574
633107,57
558703,279
604320,637
341373,670
183552,64
107321,9
358062,132
587597,989
741568,254
768520,528
134395,917
553814,69
561402,672
167396,558
975138,153
967941,963
276616,952
631743,4
856836,300
736347,425
590200,812
957527,67
300284,662
574689,448
463546,461
264312,593
592814,904
931656,962
478291,96
703463,944
377729,785
739536,972
101580,241
848883,842
567720,228
299383,701
208569,482
437865,443
406185,24
260101,950
952199,299
120301,174
122161,918
261242,768
308224,745
594168,258
548830,197
570043,366
649614,552
261590,559
512395,520
830131,58
157786,847
900800,892
555603,730
230955,283
757979,365
194368,403
443351,748
998757,837
173463,775
961401,654
267543,447
434952,346
185747,41
202021,34
575401,214
877351,598
962313,608
686653,223
862667,88
682587,433
565570,148
914591,147
141399,17
929238,498
807968,716
645166,191
193316,947
762850,998
733806,45
155336,717
464050,414
154003,479
522204,621
893578,740
191056,954
666961,891
178442,458
830723,180
449033,242
600133,107
342285,838
666931,403
219092,904
714104,300
577459,506
631773,896
663257,561
726564,742
932559,492
720968,525
126686,922
616430,561
841819,772
445009,635
359984,398
846488,339
764820,436
165515,420
666171,585
435741,656
934833,16
315762,537
616774,854
636911,71
791537,142
712394,208
938405,573
795263,816
956276,22
303622,470
482687,782
992938,755
800539,116
341138,433
293153,1
482016,932
656159,583
273142,469
427794,680
462598,949
984861,555
718785,699
761350,249
380939,592
380562,493
828460,865
605961,162
871198,979
717909,987
717411,805
109212,481
719547,697
820306,215
704343,643
452589,886
315900,503
578349,949
110660,737
227899,622
781334,568
833530,807
612540,88
221478,743
143783,346
991612,993
571760,211
658739,166
488615,173
831438,4
199435,391
993533,917
979465,240
447646,323
449263,479
507030,940
950742,442
928156,168
764030,842
432853,509
732601,720
842346,866
264892,51
681146,360
534051,856
216011,305
758685,526
964339,35
536256,126
388542,468
456201,707
954522,95
149597,476
821562,473
864638,327
287561,368
622396,934
412065,833
406207,412
355752,92
336480,455
352264,479
171812,526
119161,593
642021,772
456227,255
859399,501
562954,944
973432,569
337818,517
751173,38
322958,566
770650,67
721977,34
178552,286
276130,845
157994,897
654435,460
282574,562
707504,545
425001,756
996183,241
110934,530
428273,554
112593,709
952269,202
887182,465
383447,650
878508,391
868873,353
188727,1000
113027,779
343045,698
108620,926
352701,194
847486,843
273811,479
985606,49
595569,660
957953,87
680207,266
173158,633
457881,215
511957,514
976801,257
619629,862
712124,360
729119,313
418031,60
187561,636
126575,526
728669,429
503724,650
850123,880
118630,735
458518,558
695170,503
901014,706
320817,314
681768,997
811579,944
365290,572
915111,121
820166,391
492614,579
581940,722
115030,787
785582,25
733733,373
310003,295
115300,778
881499,947
521233,379
931527,595
138728,242
850415,328
945267,914
719772,59
926363,448
234980,738
958161,186
616355,311
255244,329
435234,715
874768,783
733373,451
650240,369
445376,300
748395,488
870378,851
578162,139
601030,118
927399,806
305246,167
544083,812
298649,364
946487,358
900966,197
673482,113
189210,138
583611,500
506211,54
418960,623
260519,96
635767,977
298247,219
184097,114
911726,4
856768,255
236677,649
569246,751
277474,417
414918,214
976928,43
493013,846
258449,550
512793,854
461507,526
205336,286
626653,976
646709,105
725713,979
346206,335
900091,640
104696,408
443459,142
647802,698
848807,535
606353,378
161032,933
593832,477
329151,139
137318,868
545923,739
484062,269
566751,674
538507,952
865345,178
352095,505
269248,964
698753,946
422080,965
342403,934
800150,847
457083,428
617506,48
362127,202
468880,490
921024,348
322022,324
237264,593
870732,89
236492,536
441219,195
286891,605
211744,456
872961,291
922544,125
903701,499
112933,106
203898,141
855284,303
581147,678
215847,740
423676,468
597050,716
725084,50
111764,684
953020,617
115933,559
485582,411
266833,263
387427,156
152114,551
631156,748
579112,571
397868,197
654044,481
220959,295
572750,393
874927,261
532020,463
959225,432
484638,225
730841,43
638230,977
722189,220
252943,845
284156,822
431403,451
174752,957
302778,75
662817,261
548894,215
916611,877
889731,892
568673,475
798937,654
769026,863
237704,873
345689,452
101656,613
457651,55
123813,121
563756,879
257515,971
772579,571
333886,87
754131,125
913139,555
560828,384
738789,816
709372,233
607163,72
792079,586
537396,654
573488,648
898773,957
523426,831
207697,356
687124,120
732764,285
343356,710
280406,627
155768,2
348030,523
170394,883
565317,462
936889,185
448167,427
370599,25
136373,66
900636,423
338489,480
803828,764
641663,236
550559,969
370678,643
738041,478
789800,258
625055,14
874352,265
307465,562
160595,535
840213,915
165601,751
911998,694
263824,479
347372,125
241161,782
989032,852
440693,655
893283,825
625099,346
900649,134
174454,424
865341,294
389439,643
182821,673
438529,147
599872,779
130255,728
272348,649
462978,28
649490,665
995670,315
310416,577
969788,893
915822,419
969344,749
432583,349
514007,452
785468,363
677395,382
878859,912
493665,628
348228,540
141801,552
794194,22
936312,847
189753,51
663106,773
702882,543
887626,766
771962,527
781048,358
855022,319
140632,51
711231,315
362007,358
993098,404
494832,330
388419,662
497043,806
891169,631
902873,139
255915,495
875174,621
397200,69
136026,998
948852,584
727083,773
933367,487
456156,576
311916,807
592220,773
351380,786
532048,324
679889,484
167939,933
986786,467
491602,250
800008,489
916607,327
440635,804
957760,578
437660,807
766403,954
812249,839
958220,344
858459,735
558423,577
989519,951
228524,862
390541,696
622433,200
977426,62
692578,978
445163,141
502202,708
640043,565
948335,343
142603,472
874282,2
740891,751
478321,240
406532,519
367882,883
485523,765
376317,559
697160,599
549168,477
204190,989
567810,193
900994,507
147752,829
116223,146
712490,302
914696,772
952863,757
164548,571
795168,464
439433,513
627101,862
821916,706
264954,710
220430,519
876540,48
211262,399
387570,211
883417,153
854801,388
831263,608
528314,37
582495,232
940497,785
518027,46
377414,934
677675,302
322264,422
380543,467
866521,58
658736,830
524946,664
992469,866
953191,144
311461,343
103915,552
178923,492
491587,11
873842,11
780229,941
510450,594
962677,740
661420,808
577897,180
645533,961
508134,296
975920,579
191968,326
974288,636
423873,519
587134,9
584675,966
605586,63
570742,318
761060,162
189909,268
855622,163
254792,293
492798,1
488338,413
562851,148
830425,429
147685,524
407802,343
661465,721
529759,228
899559,705
385077,589
266572,232
285798,835
314573,263
799200,392
246964,343
481386,781
461117,6
992055,388
512255,946
879872,921
153230,293
558277,633
603410,204
393901,205
377082,569
691209,470
572788,382
481783,978
884211,704
390114,577
371829,564
711558,85
615234,701
215317,45
614393,20
981495,598
499071,643
350893,993
491118,895
428244,156
927241,256
776929,683
286454,736
333924,986
492885,824
297076,919
191359,601
393346,949
155186,789
427855,905
621047,864
633542,274
569097,567
428471,105
675210,711
704960,836
757357,819
938121,2
995899,196
176093,976
335357,448
129254,239
777893,421
736997,633
293322,162
573624,87
282634,376
414115,617
193709,534
928901,77
428300,367
117933,144
890122,356
434003,318
815990,172
410862,98
309380,241
432635,490
303147,887
845354,830
655616,141
860250,397
774609,322
174498,557
962310,889
609408,61
127934,755
513199,764
982709,718
880217,749
268588,622
410407,250
946612,249
804453,539
277377,834
142300,275
272438,344
699809,796
363399,184
167206,229
532099,818
531476,305
866423,27
884924,106
502470,667
292121,89
356461,514
416976,236
745800,328
839619,477
631175,814
614544,837
740733,703
238823,255
653029,940
529569,224
981353,58
560585,498
811653,922
437213,26
523579,112
434642,689
198687,651
986532,997
629787,269
221597,370
780862,813
800032,337
428525,286
565596,964
917651,417
788901,308
505868,640
388188,79
332446,342
100009,313
180355,646
383940,419
586646,541
209619,411
195488,421
638688,552
467333,732
113091,605
212355,879
221472,693
215776,285
736947,835
176079,299
928171,872
172629,828
686378,595
419129,392
954915,327
760285,635
289822,369
173028,452
817344,629
212524,567
967016,173
979373,95
555232,710
740822,406
624236,942
216993,327
983698,303
194476,815
993573,86
662366,11
113063,923
374722,771
807769,666
593788,170
900192,687
789943,515
123146,731
858509,477
317399,801
751912,361
853971,434
438921,759
662521,393
772380,477
947602,947
277409,997
279031,701
622553,898
264293,855
371740,43
599817,103
215974,53
718196,959
623633,161
432254,738
340045,122
505925,309
976457,405
527645,35
707924,563
724533,770
233279,608
889482,258
716700,744
625423,281
296708,937
819349,592
288380,500
503537,373
865993,595
636960,512
198123,979
840030,560
264940,386
126561,641
116598,359
552197,887
661750,519
954631,542
112092,804
998378,366
486604,938
482908,352
586859,364
672670,830
443416,943
595894,759
605989,914
422406,806
658135,788
525210,825
107050,920
606685,860
157573,578
475022,222
484389,598
361757,733
309334,214
422244,248
119458,879
938404,141
360168,421
869985,396
770607,166
220221,793
725146,103
229942,538
292639,203
667795,957
394971,821
763714,881
169749,885
106874,58
133992,975
285369,188
335604,234
595210,844
335897,942
687696,800
537256,823
948543,121
586780,648
606500,439
363844,761
209708,297
666629,459
545395,20
469005,509
356998,774
275108,781
266111,982
787399,38
374049,72
853295,899
780956,134
549742,504
608575,587
794651,79
741786,673
269996,996
565865,237
145478,575
175537,991
169047,574
707882,249
207972,243
943819,7
171709,137
292573,976
194613,208
860517,658
848194,552
845921,439
861964,432
257211,518
937743,225
603912,188
275844,90
926168,316
836747,156
905566,739
705168,842
487082,284
430206,418
933726,331
742201,798
285775,205
937608,572
168588,493
192409,265
989750,221
629143,468
457799,165
722092,824
344830,31
474551,376
117998,133
397833,98
158194,784
591576,671
828680,102
926928,841
378331,777
450465,771
760279,932
740940,964
398282,398
243526,101
574225,495
184430,689
776592,489
219002,401
399736,320
182928,492
264230,768
462127,745
115050,833
244287,257
112108,626
189717,629
951454,240
677326,678
601529,858
387183,814
396364,734
114634,66
110650,1
467327,848
833087,536
758262,116
139076,666
617406,761
560985,195
415111,831
198498,736
219099,454
901810,587
278199,268
317678,439
477315,422
359303,891
649046,544
924270,474
875937,156
695994,498
591938,247
705093,90
500223,768
363564,909
476420,141
211107,223
572301,674
765167,605
862890,810
456561,279
944590,239
777818,210
954226,173
244191,780
817033,924
106499,989
303675,413
988847,569
217550,566
292430,289
385093,81
225185,673
117605,192
726707,151
730383,799
289522,469
126336,152
995013,429
425537,854
146138,797
808864,800
916340,608
810637,600
419682,559
284563,800
432092,418
910131,370
176388,118
788051,128
189058,208
913739,796
825675,174
302687,312
344684,382
488841,620
288632,353
881354,290
305330,741
963846,942
757266,378
582770,95
661899,752
570815,180
283526,980
173046,289
992718,57
106606,860
719200,660
183442,745
350821,636
532094,546
632941,91
849158,300
101501,924
687179,125
909764,695
672204,276
752005,936
641497,907
834230,529
819161,152
180769,209
381916,797
185918,398
599440,143
545095,139
829260,155
939378,209
563255,683
558210,586
733178,951
583934,820
765892,610
347478,177
503204,150
968231,851
147330,355
572847,157
741116,862
218226,87
385404,224
152002,95
221790,425
104280,568
849414,355
617986,858
641917,540
540066,97
132528,750
582425,178
339190,997
183874,369
178468,842
981162,576
874741,165
410895,228
314094,999
829861,387
468242,589
146579,291
954221,557
112916,3
872392,897
925888,518
604071,998
360481,169
365476,348
638708,280
454118,627
613215,549
454695,940
213296,624
123527,265
774790,706
126494,161
853888,530
161241,466
580665,602
790401,408
572399,563
875412,368
909381,110
759080,474
466617,766
757198,29
307332,408
498023,205
183615,496
692862,51
633629,269
184768,224
193814,242
730263,701
702681,495
711242,327
984084,229
559763,315
262859,756
741714,567
670209,772
569686,910
263522,903
118881,228
980507,638
887658,607
311688,888
347505,300
514721,218
979864,991
765469,481
140530,342
700274,740
323926,972
755754,437
411495,751
471831,996
209033,578
653026,464
496522,976
687393,793
829945,710
386208,657
493689,850
158084,127
420175,300
809070,202
241061,264
890848,635
740630,153
596231,331
539310,893
917782,228
271952,139
467338,84
974920,585
751833,290
666168,550
829256,349
727281,505
353118,788
530525,440
719478,242
988029,383
705784,741
547258,679
307877,146
176059,96
165319,870
959685,147
473700,375
366346,57
753744,399
632907,338
638706,335
531181,227
626218,793
309970,55
581613,867
377181,183
910135,553
850115,394
648737,273
888418,993
584013,387
829809,962
493009,199
429732,994
569756,96
180765,910
447313,759
680236,293
171633,703
267335,38
731550,485
448745,363
130097,770
705101,395
369520,885
555338,163
299963,853
959409,961
325428,467
374608,745
668779,773
174681,257
679764,75
750975,657
782654,340
601182,215
874419,368
174573,582
448216,747
480304,236
765832,15
808747,657
336526,788
975517,870
586589,500
976494,707
259121,948
896873,946
865254,924
574316,245
315801,217
829192,485
543861,659
835919,486
883780,499
897862,720
599818,826
125235,984
698959,902
823400,640
102855,425
722275,180
534284,1
227978,208
788948,132
309891,668
836597,968
781514,872
943847,899
154674,286
882096,294
482295,651
877354,831
611927,841
907733,966
264127,176
869956,688
337138,389
626500,142
132500,795
681824,495
743251,601
792805,520
219003,48
361875,900
735519,357
905967,300
789822,269
542274,846
457810,249
955031,792
314239,246
799538,929
161686,415
529521,572
698220,181
386353,711
630274,931
988557,490
543476,941
702980,544
996185,229
878113,743
686045,584
267177,125
613832,408
940757,356
642419,687
670245,158
633626,523
374351,779
766737,166
159495,653
609114,835
839937,795
559497,970
823859,427
309208,321
281728,381
364633,188
165081,141
970068,658
730766,823
800191,117
303383,533
982696,963
861475,955
248360,339
789930,912
616773,466
640034,370
803181,593
732186,206
960153,490
190609,740
555084,547
327773,210
800613,132
541222,517
251083,668
711493,832
752050,573
648367,860
978689,674
343162,755
571567,355
149115,744
135966,892
555669,5
110590,480
418062,347
403273,555
498735,813
858905,212
494477,999
722441,555
455717,378
413325,306
556301,255
126776,476
658460,946
400147,203
216937,579
869805,79
176386,384
318801,36
750015,380
346605,501
482781,144
278977,571
613493,22
397369,546
115295,389
363373,709
378529,409
457453,630
718861,510
858980,307
867283,735
209229,552
236778,503
408199,502
249097,109
147169,380
262834,504
945041,435
539456,544
683243,683
242659,464
803569,132
502090,719
157829,69
752099,512
983748,516
249261,268
171832,834
652199,232
225572,176
392746,148
548412,840
804299,599
471541,562
734165,49
152194,702
242544,544
316499,388
921277,391
290617,551
801114,182
967924,343
698388,47
450625,850
321730,418
652153,392
212121,849
866036,589
924759,309
858989,627
740758,561
364056,71
875728,854
798417,374
780884,972
657404,298
922558,750
627136,412
537531,160
904728,637
784013,725
421126,70
561593,436
820018,924
493089,499
857179,522
695462,682
412347,154
514363,295
937246,276
150963,445
283635,20
103772,795
713986,793
396735,913
593624,634
876630,858
352756,323
368913,605
108004,815
310305,50
782268,92
897265,101
755296,125
452002,552
419015,361
974188,532
852748,602
695559,778
608637,185
277490,66
327973,882
855711,574
850879,588
924676,671
407410,519
515355,823
156571,151
190553,656
740915,497
822789,965
530792,721
726903,151
781943,423
402700,388
813431,914
623307,309
621782,164
653870,297
667981,917
715989,72
155994,394
608960,666
697010,990
296375,499
316395,540
999831,818
116601,23
380435,150
119881,471
320512,80
271986,566
165511,289
121585,290
335823,759
735827,308
701719,118
610667,492
878162,330
317440,837
208200,8
265768,159
673657,557
985275,76
635797,42
341236,562
120232,832
205978,100
786819,257
775022,249
642554,58
586004,225
682081,546
279456,953
542205,867
690628,130
624120,675
511486,729
466859,885
820271,904
360550,618
489176,34
464954,124
290778,717
253734,169
112237,715
152230,167
319499,736
408072,506
555712,102
200708,136
738794,823
887328,911
607809,250
872685,399
925742,374
893572,592
476349,174
243512,449
870329,594
697312,521
416559,614
885102,93
801265,271
357008,16
867481,417
973605,573
774296,356
105104,319
209321,744
373079,328
338508,383
312584,549
447147,412
809153,281
158789,601
860162,537
442004,366
500623,915
636254,211
572604,34
525630,661
489314,511
791339,740
622704,554
105756,726
662281,92
370237,943
938127,649
235443,389
707435,878
707853,429
873224,97
976644,809
999379,169
209981,283
312254,86
230993,120
339848,331
520964,589
755143,949
334152,655
117884,806
329965,811
251497,782
527029,221
283603,464
443940,734
329930,630
622728,177
898738,678
306545,453
987542,591
620012,651
710874,415
423710,490
155308,955
196868,801
882696,523
719820,731
837172,915
895794,914
811847,300
645470,573
600557,590
148070,269
327269,905
709097,578
959372,670
571441,794
434053,839
324218,410
634552,913
894958,361
539416,313
171173,16
758609,495
603976,328
952157,126
940745,302
576079,492
939790,515
166462,128
896128,66
828071,428
258421,149
930911,442
439034,129
557157,904
480192,928
907504,298
898493,920
593694,647
560886,741
217413,249
407595,901
865504,110
912066,205
558989,331
199019,148
470760,472
118873,736
517350,251
317397,339
419462,89
361176,148
336619,50
426730,278
648134,259
676207,398
158909,596
316099,544
780285,992
531952,888
896046,933
508002,490
413291,425
143541,976
990883,75
352422,928
826522,923
128600,649
339304,957
785283,978
639188,290
531306,268
294610,128
251117,566
741525,939
886850,16
272572,766
820983,124
396770,246
669545,981
116486,320
715358,727
546206,699
462353,573
966350,86
983961,184
244178,751
620951,457
674753,486
795560,360
377835,85
779097,984
690007,800
141775,160
125805,203
540207,934
861557,464
185980,515
774192,543
997036,855
635975,906
276607,120
143651,849
406277,1
687232,604
829790,76
507137,17
710707,19
359695,240
502036,526
175486,332
430536,161
331208,33
847527,131
278096,108
896170,415
851269,934
524031,136
997231,180
659736,716
571729,830
434120,579
837925,643
683695,137
350908,886
533712,603
145646,756
837009,242
987773,40
170579,739
902942,868
773036,510
222188,414
876490,820
672425,54
244326,481
597880,512
379001,465
148545,858
686983,769
743156,594
563444,942
108178,586
428104,282
589486,962
926432,527
719602,184
824012,14
639311,734
535564,488
878958,430
147615,781
811921,771
689531,818
895979,541
942007,297
683701,801
191622,841
219787,473
661270,547
624875,860
422115,813
420130,665
311418,54
921072,818
213969,775
804624,944
353497,278
706962,654
279306,393
304288,15
158905,719
341676,970
954650,38
714545,543
332137,57
938317,504
145965,970
891568,682
828982,21
976155,296
556132,187
633820,326
361412,638
960102,249
399521,775
180772,247
540774,567
933043,783
499287,841
279711,275
680808,573
668440,786
248922,92
209326,642
357616,251
880298,208
638680,506
180081,340
209156,862
480514,356
184933,613
932641,936
605035,442
129155,831
215958,623
137974,137
286344,379
359043,351
714696,156
666684,943
702714,162
614666,329
187425,336
190568,724
823769,630
689721,847
360409,94
264302,138
110645,695
874755,682
439874,219
101913,593
590082,156
817325,517
429959,265
896191,1
301899,630
343973,273
886028,485
213552,909
335278,499
835679,307
675033,655
525970,926
593906,563
161160,480
255115,223
959596,803
466276,488
992323,115
534800,438
490349,115
940335,935
194431,36
833765,732
702066,472
372177,484
892963,589
358114,532
584028,819
123732,708
741943,620
427678,607
372945,448
689494,324
183609,434
980037,344
481936,626
544416,597
819506,249
486692,111
625789,399
810529,446
196236,214
930384,986
429044,683
110717,47
894598,984
211513,778
184277,84
627897,278
406763,503
285134,30
842786,665
645711,966
564972,372
856658,925
905791,15
725436,719
113910,336
389560,205
867135,250
678110,874
576725,925
400319,568
451481,839
785785,681
438845,620
613813,636
125494,253
614762,676
489991,813
815447,692
906966,106
585266,110
587663,653
146226,364
611631,418
504872,979
460282,97
614868,82
833012,255
421601,560
448443,7
698038,801
312663,435
809309,111
582600,418
624298,461
736409,189
290857,879
174039,11
212435,38
335331,675
379945,94
665383,982
828478,691
415356,26
372877,192
996093,386
654118,67
768723,488
618585,936
410163,28
904602,500
730363,10
283740,327
838922,38
219259,310
365618,644
299339,163
224854,299
349918,879
399444,534
263311,196
409899,354
639702,855
700355,682
752780,552
127092,187
650303,828
690332,350
108919,734
465090,967
912933,819
815112,196
727504,817
193532,647
242190,338
416320,184
102111,516
946436,320
702913,529
494378,184
397923,385
616263,68
118964,344
811873,403
893117,322
701487,595
851268,128
460923,590
650523,108
239532,984
131254,445
879372,974
186665,68
573309,724
961600,319
604306,147
188739,16
359995,412
731379,65
236534,907
343115,880
592186,133
879652,301
273167,421
323561,416
731068,802
451202,564
418019,664
685717,360
796836,891
442957,674
871095,812
681029,889
381311,825
302576,308
766568,440
376250,755
541940,892
896960,864
345431,930
868492,332
337180,930
319224,602
125141,849
123122,516
404282,533
254710,235
357813,847
837820,693
556751,976
904172,330
241886,719
321950,480
682887,11
671038,103
790071,426
390382,247
613903,70
608368,242
797293,158
681368,265
889748,228
613781,171
785003,402
241794,358
711328,407
604642,664
608173,333
408240,535
613527,27
786665,94
694972,642
671184,118
722466,458
139506,781
271888,839
239480,704
795066,684
264098,462
253496,271
254339,559
553214,161
340192,800
241552,936
957226,78
249138,767
128482,755
456048,461
535513,366
902416,539
702359,179
639988,526
581145,73
898816,180
133301,5
859630,859
100286,778
388752,254
416809,60
520261,18
522919,880
563122,849
805119,924
511482,368
956476,261
217125,398
197272,802
250027,864
335242,260
173027,886
421923,832
595528,515
378742,932
370193,773
824218,157
613041,112
874436,774
545869,402
354735,57
606701,137
467891,35
978467,919
479976,932
689662,94
254071,435
797420,53
772631,616
780005,604
824197,608
870797,584
176607,487
415450,460
331197,389
932536,277
265390,679
516718,348
437877,546
985169,968
203495,686
694864,179
565906,534
864594,455
116494,464
335782,299
275381,6
545085,888
565025,620
836370,719
372242,414
323193,776
999937,386
102282,989
817526,225
660073,419
724412,595
671347,7
502346,326
417372,382
131317,658
564109,724
533640,418
700392,955
956471,124
353365,791
311096,267
313332,48
858986,732
782208,60
978546,241
731883,608
908724,966
130369,613
116553,802
707223,285
466588,654
853179,885
951511,175
247803,652
760463,313
800039,552
702539,270
386365,343
695842,268
960922,738
629853,601
559217,393
112956,597
332292,494
229245,966
600454,296
533339,920
741404,873
314054,599
705970,422
603755,339
458151,600
473333,716
849730,668
685318,733
559828,406
524925,495
640128,288
381162,13
966277,321
510849,102
984107,459
298799,866
958305,714
125094,533
192873,738
186552,953
139743,636
186083,663
622946,668
760759,211
196792,12
173045,992
541448,397
838394,17
441445,870
901465,839
712253,961
266708,206
497997,494
845565,674
960933,881
376490,124
741517,49
876726,221
220831,683
717910,89
842288,413
215793,562
437915,790
129380,917
235679,693
215944,211
916971,742
425835,165
734306,775
358695,12
995909,55
907466,863
171502,808
796790,291
537280,262
740856,144
714832,505
647961,116
525212,713
506236,98
530664,663
742989,800
490409,326
603009,872
974019,630
351726,876
180361,14
145036,816
187653,893
863803,984
454355,552
900663,952
398397,137
160801,295
481375,321
625179,795
869601,363
772104,221
340791,361
846249,638
946702,820
662351,36
953923,616
174051,255
610703,43
635633,220
940314,932
187874,85
450285,313
153197,524
125623,698
177187,607
914362,822
734912,722
696984,545
185876,31
326052,910
753883,751
688141,254
122055,92
607144,274
628588,360
134262,456
242287,238
379205,389
610785,8
943357,72
703004,420
602253,997
113623,840
631458,896
647311,725
908934,829
488037,993
461707,478
899438,348
490969,508
538265,777
877141,834
349180,199
975986,614
401606,974
932179,724
178385,916
894867,413
689155,27
108388,625
119902,579
682272,975
213318,597
737803,977
862577,184
257026,490
768749,951
911291,861
867825,973
887403,761
667950,567
467102,584
956333,600
777765,831
179992,157
249403,356
458553,163
577579,251
282291,45
354824,687
365055,326
509644,718
462088,780
471561,468
188170,513
359155,399
186810,258
621372,567
419262,492
360894,307
375219,856
305095,487
791630,736
843615,216
634307,263
348590,157
389872,955
467126,688
607362,912
443868,354
825799,332
429295,410
241919,110
107833,346
816290,336
259952,632
233987,550
282364,910
974872,867
311963,484
534176,817
859568,917
477600,924
517232,616
461957,2
331876,547
326835,45
149318,428
424697,498
153535,475
347225,675
198473,1000
513778,285
667814,777
279101,515
215548,925
846828,455
740731,435
248616,358
657615,879
905055,214
683446,382
372117,198
550914,833
870021,308
752934,550
436612,130
774507,823
484917,670
265389,852
127965,957
287522,858
656274,794
918555,301
703550,226
567575,371
919692,494
743203,37
125266,763
911729,985
831902,758
771490,333
170463,816
104706,1000
693749,635
634092,329
228755,978
406144,917
209437,214
885907,180
798949,245
179824,708
270447,103
342264,566
870216,501
686751,983
126970,781
358341,580
785911,134
974577,806
283176,116
945015,925
469485,980
869234,425
743141,778
459146,697
111875,656
296935,653
952842,468
692817,608
736995,643
340968,916
541311,577
913991,361
307245,274
754430,710
113747,484
230997,75
500552,690
841492,543
913029,829
795279,347
519424,19
361926,335
340169,453
358856,671
777933,861
945138,490
521709,87
594964,528
230384,677
361662,455
601099,333
477320,110
180101,412
198287,238
573598,576
573051,907
641229,824
341263,207
159852,247
767753,837
378985,653
653289,639
404417,80
504496,425
236271,382
613133,550
697630,162
925767,247
514937,701
224490,154
152667,894
835852,631
718444,517
959854,343
698036,752
780981,286
648403,815
373590,436
281759,828
809950,149
394401,528
212945,149
872902,306
729522,387
718133,318
472540,456
719622,241
618096,266
861354,247
864836,29
993888,602
105019,129
784098,78
944287,491
811887,536
175368,381
485423,161
532738,681
787223,389
797300,170
126347,980
125385,404
786875,676
246931,992
194309,850
842669,557
731544,464
499681,185
439319,428
721913,114
986856,773
208366,200
871662,741
798368,680
963114,507
886598,492
765130,249
819911,204
624028,582
753768,751
418974,127
686015,235
305591,703
480767,107
163077,423
158938,615
291275,763
109453,59
113078,953
140954,522
853595,668
167357,955
626450,77
266649,916
456862,79
682681,275
248727,145
755452,527
356429,160
791161,247
477100,290
650408,649
844338,563
187029,698
621154,305
463693,457
100577,221
351783,29
650009,977
932159,749
107354,85
228571,951
724647,449
980865,5
579571,981
249398,343
666078,723
404768,54
416444,167
104713,295
209774,284
255694,906
607377,995
314078,953
731469,559
978115,977
710583,250
600524,673
509031,330
295771,234
716921,282
482034,160
898015,323
971555,435
599816,780
732110,328
411683,985
921701,152
716287,869
779915,436
601217,113
975049,443
788617,899
791997,497
888767,141
