id,date,subject_id,professor_id,campus_id
1,2015-01-30 02:03:07,5DATA,1,1
2,2015-01-31 02:03:07,5DATA,1,1
3,2015-02-01 02:03:07,5DATA,1,1
4,2015-02-02 02:03:07,5DATA,1,1
5,2015-02-03 02:03:07,5DATA,1,1
6,2016-02-06 11:58:04,4ARCH,2,1
7,2016-02-07 11:58:04,4ARCH,2,1
8,2016-02-08 11:58:04,4ARCH,2,1
9,2016-02-09 11:58:04,4ARCH,2,1
10,2016-02-10 11:58:04,4ARCH,2,1
11,2013-06-02 00:54:42,4CCNA,3,1
12,2013-06-03 00:54:42,4CCNA,3,1
13,2013-06-04 00:54:42,4CCNA,3,1
14,2013-06-05 00:54:42,4CCNA,3,1
15,2013-06-06 00:54:42,4CCNA,3,1
16,2016-11-10 09:05:05,4DATA,4,1
17,2016-11-11 09:05:05,4DATA,4,1
18,2016-11-12 09:05:05,4DATA,4,1
19,2016-11-13 09:05:05,4DATA,4,1
20,2016-11-14 09:05:05,4DATA,4,1
21,2012-11-08 06:37:31,4DOKR,5,1
22,2012-11-09 06:37:31,4DOKR,5,1
23,2012-11-10 06:37:31,4DOKR,5,1
24,2012-11-11 06:37:31,4DOKR,5,1
25,2012-11-12 06:37:31,4DOKR,5,1
26,2017-06-17 23:08:42,4GDPR,6,1
27,2017-06-18 23:08:42,4GDPR,6,1
28,2017-06-19 23:08:42,4GDPR,6,1
29,2017-06-20 23:08:42,4GDPR,6,1
30,2017-06-21 23:08:42,4GDPR,6,1
31,2015-10-24 12:06:59,4KUBE,7,1
32,2015-10-25 12:06:59,4KUBE,7,1
33,2015-10-26 12:06:59,4KUBE,7,1
34,2015-10-27 12:06:59,4KUBE,7,1
35,2015-10-28 12:06:59,4KUBE,7,1
36,2018-03-08 13:11:46,4PENE,8,1
37,2018-03-09 13:11:46,4PENE,8,1
38,2018-03-10 13:11:46,4PENE,8,1
39,2018-03-11 13:11:46,4PENE,8,1
40,2018-03-12 13:11:46,4PENE,8,1
41,2015-08-29 22:50:12,4VIRT,9,1
42,2015-08-30 22:50:12,4VIRT,9,1
43,2015-08-31 22:50:12,4VIRT,9,1
44,2015-09-01 22:50:12,4VIRT,9,1
45,2015-09-02 22:50:12,4VIRT,9,1
46,2016-01-16 21:27:17,4CHGM,10,1
47,2016-01-17 21:27:17,4CHGM,10,1
48,2016-01-18 21:27:17,4CHGM,10,1
49,2016-01-19 21:27:17,4CHGM,10,1
50,2016-01-20 21:27:17,4CHGM,10,1
51,2016-03-19 13:16:42,4DVOP,11,1
52,2016-03-20 13:16:42,4DVOP,11,1
53,2016-03-21 13:16:42,4DVOP,11,1
54,2016-03-22 13:16:42,4DVOP,11,1
55,2016-03-23 13:16:42,4DVOP,11,1
56,2014-07-27 13:51:26,4MLSP,12,1
57,2014-07-28 13:51:26,4MLSP,12,1
58,2014-07-29 13:51:26,4MLSP,12,1
59,2014-07-30 13:51:26,4MLSP,12,1
60,2014-07-31 13:51:26,4MLSP,12,1
61,2016-03-29 02:27:50,5RBIG,13,1
62,2016-03-30 02:27:50,5RBIG,13,1
63,2016-03-31 02:27:50,5RBIG,13,1
64,2016-04-01 02:27:50,5RBIG,13,1
65,2016-04-02 02:27:50,5RBIG,13,1
66,2018-04-23 10:29:39,1PROG,14,1
67,2018-04-24 10:29:39,1PROG,14,1
68,2018-04-25 10:29:39,1PROG,14,1
69,2018-04-26 10:29:39,1PROG,14,1
70,2018-04-27 10:29:39,1PROG,14,1
71,2019-12-06 14:28:55,1WDEV,15,1
72,2019-12-07 14:28:55,1WDEV,15,1
73,2019-12-08 14:28:55,1WDEV,15,1
74,2019-12-09 14:28:55,1WDEV,15,1
75,2019-12-10 14:28:55,1WDEV,15,1
76,2017-08-06 05:13:32,1JWPD,16,1
77,2017-08-07 05:13:32,1JWPD,16,1
78,2017-08-08 05:13:32,1JWPD,16,1
79,2017-08-09 05:13:32,1JWPD,16,1
80,2017-08-10 05:13:32,1JWPD,16,1
81,2017-02-18 10:31:45,1PYTH,17,1
82,2017-02-19 10:31:45,1PYTH,17,1
83,2017-02-20 10:31:45,1PYTH,17,1
84,2017-02-21 10:31:45,1PYTH,17,1
85,2017-02-22 10:31:45,1PYTH,17,1
86,2015-07-30 12:34:00,1SGBD,18,1
87,2015-07-31 12:34:00,1SGBD,18,1
88,2015-08-01 12:34:00,1SGBD,18,1
89,2015-08-02 12:34:00,1SGBD,18,1
90,2015-08-03 12:34:00,1SGBD,18,1
91,2014-09-27 23:10:57,1INTD,19,1
92,2014-09-28 23:10:57,1INTD,19,1
93,2014-09-29 23:10:57,1INTD,19,1
94,2014-09-30 23:10:57,1INTD,19,1
95,2014-10-01 23:10:57,1INTD,19,1
96,2018-06-23 21:54:32,1ITWO,20,1
97,2018-06-24 21:54:32,1ITWO,20,1
98,2018-06-25 21:54:32,1ITWO,20,1
99,2018-06-26 21:54:32,1ITWO,20,1
100,2018-06-27 21:54:32,1ITWO,20,1
101,2013-02-16 18:15:52,1TEAM,21,1
102,2013-02-17 18:15:52,1TEAM,21,1
103,2013-02-18 18:15:52,1TEAM,21,1
104,2013-02-19 18:15:52,1TEAM,21,1
105,2013-02-20 18:15:52,1TEAM,21,1
106,2014-07-13 10:22:03,1ILIP,22,1
107,2014-07-14 10:22:03,1ILIP,22,1
108,2014-07-15 10:22:03,1ILIP,22,1
109,2014-07-16 10:22:03,1ILIP,22,1
110,2014-07-17 10:22:03,1ILIP,22,1
111,2014-10-26 18:19:35,1ENGL,23,1
112,2014-10-27 18:19:35,1ENGL,23,1
113,2014-10-28 18:19:35,1ENGL,23,1
114,2014-10-29 18:19:35,1ENGL,23,1
115,2014-10-30 18:19:35,1ENGL,23,1
116,2017-04-13 07:00:17,2AWSP,24,1
117,2017-04-14 07:00:17,2AWSP,24,1
118,2017-04-15 07:00:17,2AWSP,24,1
119,2017-04-16 07:00:17,2AWSP,24,1
120,2017-04-17 07:00:17,2AWSP,24,1
121,2017-02-10 11:54:53,2BABA,25,1
122,2017-02-11 11:54:53,2BABA,25,1
123,2017-02-12 11:54:53,2BABA,25,1
124,2017-02-13 11:54:53,2BABA,25,1
125,2017-02-14 11:54:53,2BABA,25,1
126,2017-11-03 23:14:00,2DTTL,26,1
127,2017-11-04 23:14:00,2DTTL,26,1
128,2017-11-05 23:14:00,2DTTL,26,1
129,2017-11-06 23:14:00,2DTTL,26,1
130,2017-11-07 23:14:00,2DTTL,26,1
131,2017-01-18 02:40:43,2PMGT,27,1
132,2017-01-19 02:40:43,2PMGT,27,1
133,2017-01-20 02:40:43,2PMGT,27,1
134,2017-01-21 02:40:43,2PMGT,27,1
135,2017-01-22 02:40:43,2PMGT,27,1
136,2014-07-05 04:13:17,2COOR,28,1
137,2014-07-06 04:13:17,2COOR,28,1
138,2014-07-07 04:13:17,2COOR,28,1
139,2014-07-08 04:13:17,2COOR,28,1
140,2014-07-09 04:13:17,2COOR,28,1
141,2018-09-23 14:27:06,2DSTM,29,1
142,2018-09-24 14:27:06,2DSTM,29,1
143,2018-09-25 14:27:06,2DSTM,29,1
144,2018-09-26 14:27:06,2DSTM,29,1
145,2018-09-27 14:27:06,2DSTM,29,1
146,2016-06-12 17:08:14,2DVST,30,1
147,2016-06-13 17:08:14,2DVST,30,1
148,2016-06-14 17:08:14,2DVST,30,1
149,2016-06-15 17:08:14,2DVST,30,1
150,2016-06-16 17:08:14,2DVST,30,1
151,2018-09-19 07:14:31,2JAVA,31,1
152,2018-09-20 07:14:31,2JAVA,31,1
153,2018-09-21 07:14:31,2JAVA,31,1
154,2018-09-22 07:14:31,2JAVA,31,1
155,2018-09-23 07:14:31,2JAVA,31,1
156,2017-05-16 21:38:52,2CCPP,32,1
157,2017-05-17 21:38:52,2CCPP,32,1
158,2017-05-18 21:38:52,2CCPP,32,1
159,2017-05-19 21:38:52,2CCPP,32,1
160,2017-05-20 21:38:52,2CCPP,32,1
161,2016-11-07 08:39:19,2PHPD,33,1
162,2016-11-08 08:39:19,2PHPD,33,1
163,2016-11-09 08:39:19,2PHPD,33,1
164,2016-11-10 08:39:19,2PHPD,33,1
165,2016-11-11 08:39:19,2PHPD,33,1
166,2018-11-05 13:22:19,2SEOE,34,1
167,2018-11-06 13:22:19,2SEOE,34,1
168,2018-11-07 13:22:19,2SEOE,34,1
169,2018-11-08 13:22:19,2SEOE,34,1
170,2018-11-09 13:22:19,2SEOE,34,1
171,2018-04-30 16:13:50,2UIXD,35,1
172,2018-05-01 16:13:50,2UIXD,35,1
173,2018-05-02 16:13:50,2UIXD,35,1
174,2018-05-03 16:13:50,2UIXD,35,1
175,2018-05-04 16:13:50,2UIXD,35,1
176,2019-11-11 16:41:22,2MCSA,36,1
177,2019-11-12 16:41:22,2MCSA,36,1
178,2019-11-13 16:41:22,2MCSA,36,1
179,2019-11-14 16:41:22,2MCSA,36,1
180,2019-11-15 16:41:22,2MCSA,36,1
181,2014-03-02 00:39:34,2ENGL,37,1
182,2014-03-03 00:39:34,2ENGL,37,1
183,2014-03-04 00:39:34,2ENGL,37,1
184,2014-03-05 00:39:34,2ENGL,37,1
185,2014-03-06 00:39:34,2ENGL,37,1
186,2012-10-04 21:49:48,3BOPA,38,1
187,2012-10-05 21:49:48,3BOPA,38,1
188,2012-10-06 21:49:48,3BOPA,38,1
189,2012-10-07 21:49:48,3BOPA,38,1
190,2012-10-08 21:49:48,3BOPA,38,1
191,2016-11-07 15:20:07,3INML,39,1
192,2016-11-08 15:20:07,3INML,39,1
193,2016-11-09 15:20:07,3INML,39,1
194,2016-11-10 15:20:07,3INML,39,1
195,2016-11-11 15:20:07,3INML,39,1
196,2016-02-12 12:29:56,3AGIL,40,1
197,2016-02-13 12:29:56,3AGIL,40,1
198,2016-02-14 12:29:56,3AGIL,40,1
199,2016-02-15 12:29:56,3AGIL,40,1
200,2016-02-16 12:29:56,3AGIL,40,1
201,2014-10-22 14:03:53,3TPMG,41,1
202,2014-10-23 14:03:53,3TPMG,41,1
203,2014-10-24 14:03:53,3TPMG,41,1
204,2014-10-25 14:03:53,3TPMG,41,1
205,2014-10-26 14:03:53,3TPMG,41,1
206,2015-01-28 07:59:09,3DVSC,42,1
207,2015-01-29 07:59:09,3DVSC,42,1
208,2015-01-30 07:59:09,3DVSC,42,1
209,2015-01-31 07:59:09,3DVSC,42,1
210,2015-02-01 07:59:09,3DVSC,42,1
211,2015-01-28 14:54:51,3ASPC,43,1
212,2015-01-29 14:54:51,3ASPC,43,1
213,2015-01-30 14:54:51,3ASPC,43,1
214,2015-01-31 14:54:51,3ASPC,43,1
215,2015-02-01 14:54:51,3ASPC,43,1
216,2014-04-20 06:43:08,3ANDM,44,1
217,2014-04-21 06:43:08,3ANDM,44,1
218,2014-04-22 06:43:08,3ANDM,44,1
219,2014-04-23 06:43:08,3ANDM,44,1
220,2014-04-24 06:43:08,3ANDM,44,1
221,2019-10-11 04:27:39,3IOSD,45,1
222,2019-10-12 04:27:39,3IOSD,45,1
223,2019-10-13 04:27:39,3IOSD,45,1
224,2019-10-14 04:27:39,3IOSD,45,1
225,2019-10-15 04:27:39,3IOSD,45,1
226,2013-04-07 20:23:45,3MERN,46,1
227,2013-04-08 20:23:45,3MERN,46,1
228,2013-04-09 20:23:45,3MERN,46,1
229,2013-04-10 20:23:45,3MERN,46,1
230,2013-04-11 20:23:45,3MERN,46,1
231,2018-07-09 06:20:46,3CCNA,47,1
232,2018-07-10 06:20:46,3CCNA,47,1
233,2018-07-11 06:20:46,3CCNA,47,1
234,2018-07-12 06:20:46,3CCNA,47,1
235,2018-07-13 06:20:46,3CCNA,47,1
236,2014-11-18 16:47:02,3SECU,48,1
237,2014-11-19 16:47:02,3SECU,48,1
238,2014-11-20 16:47:02,3SECU,48,1
239,2014-11-21 16:47:02,3SECU,48,1
240,2014-11-22 16:47:02,3SECU,48,1
241,2013-07-29 18:24:20,3ENGL,49,1
242,2013-07-30 18:24:20,3ENGL,49,1
243,2013-07-31 18:24:20,3ENGL,49,1
244,2013-08-01 18:24:20,3ENGL,49,1
245,2013-08-02 18:24:20,3ENGL,49,1
246,2019-05-14 06:59:47,5ITIL,50,1
247,2019-05-15 06:59:47,5ITIL,50,1
248,2019-05-16 06:59:47,5ITIL,50,1
249,2019-05-17 06:59:47,5ITIL,50,1
250,2019-05-18 06:59:47,5ITIL,50,1
251,2015-08-09 21:01:28,5DOOP,51,1
252,2015-08-10 21:01:28,5DOOP,51,1
253,2015-08-11 21:01:28,5DOOP,51,1
254,2015-08-12 21:01:28,5DOOP,51,1
255,2015-08-13 21:01:28,5DOOP,51,1
256,2019-06-07 12:54:15,5CCNA,52,1
257,2019-06-08 12:54:15,5CCNA,52,1
258,2019-06-09 12:54:15,5CCNA,52,1
259,2019-06-10 12:54:15,5CCNA,52,1
260,2019-06-11 12:54:15,5CCNA,52,1
261,2017-08-30 15:50:43,5DEEP,53,1
262,2017-08-31 15:50:43,5DEEP,53,1
263,2017-09-01 15:50:43,5DEEP,53,1
264,2017-09-02 15:50:43,5DEEP,53,1
265,2017-09-03 15:50:43,5DEEP,53,1
266,2013-03-10 15:23:20,5AIML,54,1
267,2013-03-11 15:23:20,5AIML,54,1
268,2013-03-12 15:23:20,5AIML,54,1
269,2013-03-13 15:23:20,5AIML,54,1
270,2013-03-14 15:23:20,5AIML,54,1
271,2014-12-18 21:33:11,5ENGL,55,1
272,2014-12-19 21:33:11,5ENGL,55,1
273,2014-12-20 21:33:11,5ENGL,55,1
274,2014-12-21 21:33:11,5ENGL,55,1
275,2014-12-22 21:33:11,5ENGL,55,1
276,2015-10-06 01:58:51,5DATA,56,2
277,2015-10-07 01:58:51,5DATA,56,2
278,2015-10-08 01:58:51,5DATA,56,2
279,2015-10-09 01:58:51,5DATA,56,2
280,2015-10-10 01:58:51,5DATA,56,2
281,2015-05-08 20:35:17,4ARCH,57,2
282,2015-05-09 20:35:17,4ARCH,57,2
283,2015-05-10 20:35:17,4ARCH,57,2
284,2015-05-11 20:35:17,4ARCH,57,2
285,2015-05-12 20:35:17,4ARCH,57,2
286,2018-04-30 19:24:49,4CCNA,58,2
287,2018-05-01 19:24:49,4CCNA,58,2
288,2018-05-02 19:24:49,4CCNA,58,2
289,2018-05-03 19:24:49,4CCNA,58,2
290,2018-05-04 19:24:49,4CCNA,58,2
291,2013-01-21 14:59:36,4DATA,59,2
292,2013-01-22 14:59:36,4DATA,59,2
293,2013-01-23 14:59:36,4DATA,59,2
294,2013-01-24 14:59:36,4DATA,59,2
295,2013-01-25 14:59:36,4DATA,59,2
296,2019-04-24 20:16:48,4DOKR,60,2
297,2019-04-25 20:16:48,4DOKR,60,2
298,2019-04-26 20:16:48,4DOKR,60,2
299,2019-04-27 20:16:48,4DOKR,60,2
300,2019-04-28 20:16:48,4DOKR,60,2
301,2017-04-08 19:27:55,4GDPR,61,2
302,2017-04-09 19:27:55,4GDPR,61,2
303,2017-04-10 19:27:55,4GDPR,61,2
304,2017-04-11 19:27:55,4GDPR,61,2
305,2017-04-12 19:27:55,4GDPR,61,2
306,2017-10-12 07:28:37,4KUBE,62,2
307,2017-10-13 07:28:37,4KUBE,62,2
308,2017-10-14 07:28:37,4KUBE,62,2
309,2017-10-15 07:28:37,4KUBE,62,2
310,2017-10-16 07:28:37,4KUBE,62,2
311,2014-04-21 18:35:52,4PENE,63,2
312,2014-04-22 18:35:52,4PENE,63,2
313,2014-04-23 18:35:52,4PENE,63,2
314,2014-04-24 18:35:52,4PENE,63,2
315,2014-04-25 18:35:52,4PENE,63,2
316,2017-12-21 08:42:36,4VIRT,64,2
317,2017-12-22 08:42:36,4VIRT,64,2
318,2017-12-23 08:42:36,4VIRT,64,2
319,2017-12-24 08:42:36,4VIRT,64,2
320,2017-12-25 08:42:36,4VIRT,64,2
321,2013-11-26 15:06:16,4CHGM,65,2
322,2013-11-27 15:06:16,4CHGM,65,2
323,2013-11-28 15:06:16,4CHGM,65,2
324,2013-11-29 15:06:16,4CHGM,65,2
325,2013-11-30 15:06:16,4CHGM,65,2
326,2012-10-13 12:54:57,4DVOP,66,2
327,2012-10-14 12:54:57,4DVOP,66,2
328,2012-10-15 12:54:57,4DVOP,66,2
329,2012-10-16 12:54:57,4DVOP,66,2
330,2012-10-17 12:54:57,4DVOP,66,2
331,2012-12-21 23:29:25,4MLSP,67,2
332,2012-12-22 23:29:25,4MLSP,67,2
333,2012-12-23 23:29:25,4MLSP,67,2
334,2012-12-24 23:29:25,4MLSP,67,2
335,2012-12-25 23:29:25,4MLSP,67,2
336,2015-08-22 08:46:46,5RBIG,68,2
337,2015-08-23 08:46:46,5RBIG,68,2
338,2015-08-24 08:46:46,5RBIG,68,2
339,2015-08-25 08:46:46,5RBIG,68,2
340,2015-08-26 08:46:46,5RBIG,68,2
341,2019-11-04 16:59:06,1PROG,69,2
342,2019-11-05 16:59:06,1PROG,69,2
343,2019-11-06 16:59:06,1PROG,69,2
344,2019-11-07 16:59:06,1PROG,69,2
345,2019-11-08 16:59:06,1PROG,69,2
346,2015-08-07 13:35:14,1WDEV,70,2
347,2015-08-08 13:35:14,1WDEV,70,2
348,2015-08-09 13:35:14,1WDEV,70,2
349,2015-08-10 13:35:14,1WDEV,70,2
350,2015-08-11 13:35:14,1WDEV,70,2
351,2016-08-11 10:53:34,1JWPD,71,2
352,2016-08-12 10:53:34,1JWPD,71,2
353,2016-08-13 10:53:34,1JWPD,71,2
354,2016-08-14 10:53:34,1JWPD,71,2
355,2016-08-15 10:53:34,1JWPD,71,2
356,2016-06-30 16:32:15,1PYTH,72,2
357,2016-07-01 16:32:15,1PYTH,72,2
358,2016-07-02 16:32:15,1PYTH,72,2
359,2016-07-03 16:32:15,1PYTH,72,2
360,2016-07-04 16:32:15,1PYTH,72,2
361,2017-07-16 18:52:44,1SGBD,73,2
362,2017-07-17 18:52:44,1SGBD,73,2
363,2017-07-18 18:52:44,1SGBD,73,2
364,2017-07-19 18:52:44,1SGBD,73,2
365,2017-07-20 18:52:44,1SGBD,73,2
366,2012-01-28 23:25:56,1INTD,74,2
367,2012-01-29 23:25:56,1INTD,74,2
368,2012-01-30 23:25:56,1INTD,74,2
369,2012-01-31 23:25:56,1INTD,74,2
370,2012-02-01 23:25:56,1INTD,74,2
371,2013-04-02 14:22:46,1ITWO,75,2
372,2013-04-03 14:22:46,1ITWO,75,2
373,2013-04-04 14:22:46,1ITWO,75,2
374,2013-04-05 14:22:46,1ITWO,75,2
375,2013-04-06 14:22:46,1ITWO,75,2
376,2015-08-09 06:20:03,1TEAM,76,2
377,2015-08-10 06:20:03,1TEAM,76,2
378,2015-08-11 06:20:03,1TEAM,76,2
379,2015-08-12 06:20:03,1TEAM,76,2
380,2015-08-13 06:20:03,1TEAM,76,2
381,2018-10-30 06:31:02,1ILIP,77,2
382,2018-10-31 06:31:02,1ILIP,77,2
383,2018-11-01 06:31:02,1ILIP,77,2
384,2018-11-02 06:31:02,1ILIP,77,2
385,2018-11-03 06:31:02,1ILIP,77,2
386,2012-06-24 09:56:55,1ENGL,78,2
387,2012-06-25 09:56:55,1ENGL,78,2
388,2012-06-26 09:56:55,1ENGL,78,2
389,2012-06-27 09:56:55,1ENGL,78,2
390,2012-06-28 09:56:55,1ENGL,78,2
391,2015-03-28 16:37:06,2AWSP,79,2
392,2015-03-29 16:37:06,2AWSP,79,2
393,2015-03-30 16:37:06,2AWSP,79,2
394,2015-03-31 16:37:06,2AWSP,79,2
395,2015-04-01 16:37:06,2AWSP,79,2
396,2012-07-27 20:46:30,2BABA,80,2
397,2012-07-28 20:46:30,2BABA,80,2
398,2012-07-29 20:46:30,2BABA,80,2
399,2012-07-30 20:46:30,2BABA,80,2
400,2012-07-31 20:46:30,2BABA,80,2
401,2018-05-01 12:06:24,2DTTL,81,2
402,2018-05-02 12:06:24,2DTTL,81,2
403,2018-05-03 12:06:24,2DTTL,81,2
404,2018-05-04 12:06:24,2DTTL,81,2
405,2018-05-05 12:06:24,2DTTL,81,2
406,2013-01-13 23:18:57,2PMGT,82,2
407,2013-01-14 23:18:57,2PMGT,82,2
408,2013-01-15 23:18:57,2PMGT,82,2
409,2013-01-16 23:18:57,2PMGT,82,2
410,2013-01-17 23:18:57,2PMGT,82,2
411,2012-07-22 06:30:50,2COOR,83,2
412,2012-07-23 06:30:50,2COOR,83,2
413,2012-07-24 06:30:50,2COOR,83,2
414,2012-07-25 06:30:50,2COOR,83,2
415,2012-07-26 06:30:50,2COOR,83,2
416,2013-10-08 23:05:12,2DSTM,84,2
417,2013-10-09 23:05:12,2DSTM,84,2
418,2013-10-10 23:05:12,2DSTM,84,2
419,2013-10-11 23:05:12,2DSTM,84,2
420,2013-10-12 23:05:12,2DSTM,84,2
421,2018-01-22 09:44:36,2DVST,85,2
422,2018-01-23 09:44:36,2DVST,85,2
423,2018-01-24 09:44:36,2DVST,85,2
424,2018-01-25 09:44:36,2DVST,85,2
425,2018-01-26 09:44:36,2DVST,85,2
426,2012-05-15 19:42:52,2JAVA,86,2
427,2012-05-16 19:42:52,2JAVA,86,2
428,2012-05-17 19:42:52,2JAVA,86,2
429,2012-05-18 19:42:52,2JAVA,86,2
430,2012-05-19 19:42:52,2JAVA,86,2
431,2016-08-18 01:27:46,2CCPP,87,2
432,2016-08-19 01:27:46,2CCPP,87,2
433,2016-08-20 01:27:46,2CCPP,87,2
434,2016-08-21 01:27:46,2CCPP,87,2
435,2016-08-22 01:27:46,2CCPP,87,2
436,2017-12-13 05:34:07,2PHPD,88,2
437,2017-12-14 05:34:07,2PHPD,88,2
438,2017-12-15 05:34:07,2PHPD,88,2
439,2017-12-16 05:34:07,2PHPD,88,2
440,2017-12-17 05:34:07,2PHPD,88,2
441,2015-11-13 22:57:55,2SEOE,89,2
442,2015-11-14 22:57:55,2SEOE,89,2
443,2015-11-15 22:57:55,2SEOE,89,2
444,2015-11-16 22:57:55,2SEOE,89,2
445,2015-11-17 22:57:55,2SEOE,89,2
446,2013-11-08 02:07:10,2UIXD,90,2
447,2013-11-09 02:07:10,2UIXD,90,2
448,2013-11-10 02:07:10,2UIXD,90,2
449,2013-11-11 02:07:10,2UIXD,90,2
450,2013-11-12 02:07:10,2UIXD,90,2
451,2017-09-24 15:12:23,2MCSA,91,2
452,2017-09-25 15:12:23,2MCSA,91,2
453,2017-09-26 15:12:23,2MCSA,91,2
454,2017-09-27 15:12:23,2MCSA,91,2
455,2017-09-28 15:12:23,2MCSA,91,2
456,2016-01-29 04:21:49,2ENGL,92,2
457,2016-01-30 04:21:49,2ENGL,92,2
458,2016-01-31 04:21:49,2ENGL,92,2
459,2016-02-01 04:21:49,2ENGL,92,2
460,2016-02-02 04:21:49,2ENGL,92,2
461,2017-03-26 21:46:41,3BOPA,93,2
462,2017-03-27 21:46:41,3BOPA,93,2
463,2017-03-28 21:46:41,3BOPA,93,2
464,2017-03-29 21:46:41,3BOPA,93,2
465,2017-03-30 21:46:41,3BOPA,93,2
466,2017-09-29 22:59:40,3INML,94,2
467,2017-09-30 22:59:40,3INML,94,2
468,2017-10-01 22:59:40,3INML,94,2
469,2017-10-02 22:59:40,3INML,94,2
470,2017-10-03 22:59:40,3INML,94,2
471,2013-04-05 15:39:27,3AGIL,95,2
472,2013-04-06 15:39:27,3AGIL,95,2
473,2013-04-07 15:39:27,3AGIL,95,2
474,2013-04-08 15:39:27,3AGIL,95,2
475,2013-04-09 15:39:27,3AGIL,95,2
476,2014-12-04 09:47:29,3TPMG,96,2
477,2014-12-05 09:47:29,3TPMG,96,2
478,2014-12-06 09:47:29,3TPMG,96,2
479,2014-12-07 09:47:29,3TPMG,96,2
480,2014-12-08 09:47:29,3TPMG,96,2
481,2012-03-06 09:46:33,3DVSC,97,2
482,2012-03-07 09:46:33,3DVSC,97,2
483,2012-03-08 09:46:33,3DVSC,97,2
484,2012-03-09 09:46:33,3DVSC,97,2
485,2012-03-10 09:46:33,3DVSC,97,2
486,2019-12-04 08:27:26,3ASPC,98,2
487,2019-12-05 08:27:26,3ASPC,98,2
488,2019-12-06 08:27:26,3ASPC,98,2
489,2019-12-07 08:27:26,3ASPC,98,2
490,2019-12-08 08:27:26,3ASPC,98,2
491,2017-12-03 18:06:10,3ANDM,99,2
492,2017-12-04 18:06:10,3ANDM,99,2
493,2017-12-05 18:06:10,3ANDM,99,2
494,2017-12-06 18:06:10,3ANDM,99,2
495,2017-12-07 18:06:10,3ANDM,99,2
496,2016-02-10 12:02:19,3IOSD,100,2
497,2016-02-11 12:02:19,3IOSD,100,2
498,2016-02-12 12:02:19,3IOSD,100,2
499,2016-02-13 12:02:19,3IOSD,100,2
500,2016-02-14 12:02:19,3IOSD,100,2
501,2019-03-24 03:58:14,3MERN,101,2
502,2019-03-25 03:58:14,3MERN,101,2
503,2019-03-26 03:58:14,3MERN,101,2
504,2019-03-27 03:58:14,3MERN,101,2
505,2019-03-28 03:58:14,3MERN,101,2
506,2019-06-02 09:22:35,3CCNA,102,2
507,2019-06-03 09:22:35,3CCNA,102,2
508,2019-06-04 09:22:35,3CCNA,102,2
509,2019-06-05 09:22:35,3CCNA,102,2
510,2019-06-06 09:22:35,3CCNA,102,2
511,2016-08-10 10:51:00,3SECU,103,2
512,2016-08-11 10:51:00,3SECU,103,2
513,2016-08-12 10:51:00,3SECU,103,2
514,2016-08-13 10:51:00,3SECU,103,2
515,2016-08-14 10:51:00,3SECU,103,2
516,2015-04-26 15:44:16,3ENGL,104,2
517,2015-04-27 15:44:16,3ENGL,104,2
518,2015-04-28 15:44:16,3ENGL,104,2
519,2015-04-29 15:44:16,3ENGL,104,2
520,2015-04-30 15:44:16,3ENGL,104,2
521,2018-03-26 03:42:14,5ITIL,105,2
522,2018-03-27 03:42:14,5ITIL,105,2
523,2018-03-28 03:42:14,5ITIL,105,2
524,2018-03-29 03:42:14,5ITIL,105,2
525,2018-03-30 03:42:14,5ITIL,105,2
526,2013-08-04 23:02:47,5DOOP,106,2
527,2013-08-05 23:02:47,5DOOP,106,2
528,2013-08-06 23:02:47,5DOOP,106,2
529,2013-08-07 23:02:47,5DOOP,106,2
530,2013-08-08 23:02:47,5DOOP,106,2
531,2016-11-27 12:23:52,5CCNA,107,2
532,2016-11-28 12:23:52,5CCNA,107,2
533,2016-11-29 12:23:52,5CCNA,107,2
534,2016-11-30 12:23:52,5CCNA,107,2
535,2016-12-01 12:23:52,5CCNA,107,2
536,2019-10-14 11:28:30,5DEEP,108,2
537,2019-10-15 11:28:30,5DEEP,108,2
538,2019-10-16 11:28:30,5DEEP,108,2
539,2019-10-17 11:28:30,5DEEP,108,2
540,2019-10-18 11:28:30,5DEEP,108,2
541,2016-04-26 13:32:52,5AIML,109,2
542,2016-04-27 13:32:52,5AIML,109,2
543,2016-04-28 13:32:52,5AIML,109,2
544,2016-04-29 13:32:52,5AIML,109,2
545,2016-04-30 13:32:52,5AIML,109,2
546,2012-11-02 03:15:09,5ENGL,110,2
547,2012-11-03 03:15:09,5ENGL,110,2
548,2012-11-04 03:15:09,5ENGL,110,2
549,2012-11-05 03:15:09,5ENGL,110,2
550,2012-11-06 03:15:09,5ENGL,110,2
551,2013-08-10 04:29:51,5DATA,111,3
552,2013-08-11 04:29:51,5DATA,111,3
553,2013-08-12 04:29:51,5DATA,111,3
554,2013-08-13 04:29:51,5DATA,111,3
555,2013-08-14 04:29:51,5DATA,111,3
556,2013-03-17 13:43:07,4ARCH,112,3
557,2013-03-18 13:43:07,4ARCH,112,3
558,2013-03-19 13:43:07,4ARCH,112,3
559,2013-03-20 13:43:07,4ARCH,112,3
560,2013-03-21 13:43:07,4ARCH,112,3
561,2017-05-07 21:50:14,4CCNA,113,3
562,2017-05-08 21:50:14,4CCNA,113,3
563,2017-05-09 21:50:14,4CCNA,113,3
564,2017-05-10 21:50:14,4CCNA,113,3
565,2017-05-11 21:50:14,4CCNA,113,3
566,2016-05-28 17:45:29,4DATA,114,3
567,2016-05-29 17:45:29,4DATA,114,3
568,2016-05-30 17:45:29,4DATA,114,3
569,2016-05-31 17:45:29,4DATA,114,3
570,2016-06-01 17:45:29,4DATA,114,3
571,2019-12-11 12:21:12,4DOKR,115,3
572,2019-12-12 12:21:12,4DOKR,115,3
573,2019-12-13 12:21:12,4DOKR,115,3
574,2019-12-14 12:21:12,4DOKR,115,3
575,2019-12-15 12:21:12,4DOKR,115,3
576,2014-11-27 21:35:20,4GDPR,116,3
577,2014-11-28 21:35:20,4GDPR,116,3
578,2014-11-29 21:35:20,4GDPR,116,3
579,2014-11-30 21:35:20,4GDPR,116,3
580,2014-12-01 21:35:20,4GDPR,116,3
581,2016-01-28 22:45:40,4KUBE,117,3
582,2016-01-29 22:45:40,4KUBE,117,3
583,2016-01-30 22:45:40,4KUBE,117,3
584,2016-01-31 22:45:40,4KUBE,117,3
585,2016-02-01 22:45:40,4KUBE,117,3
586,2018-01-07 15:40:15,4PENE,118,3
587,2018-01-08 15:40:15,4PENE,118,3
588,2018-01-09 15:40:15,4PENE,118,3
589,2018-01-10 15:40:15,4PENE,118,3
590,2018-01-11 15:40:15,4PENE,118,3
591,2017-09-22 13:06:04,4VIRT,119,3
592,2017-09-23 13:06:04,4VIRT,119,3
593,2017-09-24 13:06:04,4VIRT,119,3
594,2017-09-25 13:06:04,4VIRT,119,3
595,2017-09-26 13:06:04,4VIRT,119,3
596,2014-06-04 08:12:25,4CHGM,120,3
597,2014-06-05 08:12:25,4CHGM,120,3
598,2014-06-06 08:12:25,4CHGM,120,3
599,2014-06-07 08:12:25,4CHGM,120,3
600,2014-06-08 08:12:25,4CHGM,120,3
601,2016-10-05 05:02:07,4DVOP,121,3
602,2016-10-06 05:02:07,4DVOP,121,3
603,2016-10-07 05:02:07,4DVOP,121,3
604,2016-10-08 05:02:07,4DVOP,121,3
605,2016-10-09 05:02:07,4DVOP,121,3
606,2015-08-05 21:15:02,4MLSP,122,3
607,2015-08-06 21:15:02,4MLSP,122,3
608,2015-08-07 21:15:02,4MLSP,122,3
609,2015-08-08 21:15:02,4MLSP,122,3
610,2015-08-09 21:15:02,4MLSP,122,3
611,2012-02-19 11:19:37,5RBIG,123,3
612,2012-02-20 11:19:37,5RBIG,123,3
613,2012-02-21 11:19:37,5RBIG,123,3
614,2012-02-22 11:19:37,5RBIG,123,3
615,2012-02-23 11:19:37,5RBIG,123,3
616,2019-10-22 14:40:40,1PROG,124,3
617,2019-10-23 14:40:40,1PROG,124,3
618,2019-10-24 14:40:40,1PROG,124,3
619,2019-10-25 14:40:40,1PROG,124,3
620,2019-10-26 14:40:40,1PROG,124,3
621,2018-01-29 15:40:03,1WDEV,125,3
622,2018-01-30 15:40:03,1WDEV,125,3
623,2018-01-31 15:40:03,1WDEV,125,3
624,2018-02-01 15:40:03,1WDEV,125,3
625,2018-02-02 15:40:03,1WDEV,125,3
626,2016-01-08 09:58:36,1JWPD,126,3
627,2016-01-09 09:58:36,1JWPD,126,3
628,2016-01-10 09:58:36,1JWPD,126,3
629,2016-01-11 09:58:36,1JWPD,126,3
630,2016-01-12 09:58:36,1JWPD,126,3
631,2013-06-28 06:19:59,1PYTH,127,3
632,2013-06-29 06:19:59,1PYTH,127,3
633,2013-06-30 06:19:59,1PYTH,127,3
634,2013-07-01 06:19:59,1PYTH,127,3
635,2013-07-02 06:19:59,1PYTH,127,3
636,2014-12-21 00:59:22,1SGBD,128,3
637,2014-12-22 00:59:22,1SGBD,128,3
638,2014-12-23 00:59:22,1SGBD,128,3
639,2014-12-24 00:59:22,1SGBD,128,3
640,2014-12-25 00:59:22,1SGBD,128,3
641,2015-01-03 17:01:06,1INTD,129,3
642,2015-01-04 17:01:06,1INTD,129,3
643,2015-01-05 17:01:06,1INTD,129,3
644,2015-01-06 17:01:06,1INTD,129,3
645,2015-01-07 17:01:06,1INTD,129,3
646,2019-08-02 03:17:46,1ITWO,130,3
647,2019-08-03 03:17:46,1ITWO,130,3
648,2019-08-04 03:17:46,1ITWO,130,3
649,2019-08-05 03:17:46,1ITWO,130,3
650,2019-08-06 03:17:46,1ITWO,130,3
651,2016-03-07 08:54:48,1TEAM,131,3
652,2016-03-08 08:54:48,1TEAM,131,3
653,2016-03-09 08:54:48,1TEAM,131,3
654,2016-03-10 08:54:48,1TEAM,131,3
655,2016-03-11 08:54:48,1TEAM,131,3
656,2013-12-02 22:44:20,1ILIP,132,3
657,2013-12-03 22:44:20,1ILIP,132,3
658,2013-12-04 22:44:20,1ILIP,132,3
659,2013-12-05 22:44:20,1ILIP,132,3
660,2013-12-06 22:44:20,1ILIP,132,3
661,2017-06-09 11:31:05,1ENGL,133,3
662,2017-06-10 11:31:05,1ENGL,133,3
663,2017-06-11 11:31:05,1ENGL,133,3
664,2017-06-12 11:31:05,1ENGL,133,3
665,2017-06-13 11:31:05,1ENGL,133,3
666,2012-07-17 15:02:10,2AWSP,134,3
667,2012-07-18 15:02:10,2AWSP,134,3
668,2012-07-19 15:02:10,2AWSP,134,3
669,2012-07-20 15:02:10,2AWSP,134,3
670,2012-07-21 15:02:10,2AWSP,134,3
671,2019-11-13 09:36:46,2BABA,135,3
672,2019-11-14 09:36:46,2BABA,135,3
673,2019-11-15 09:36:46,2BABA,135,3
674,2019-11-16 09:36:46,2BABA,135,3
675,2019-11-17 09:36:46,2BABA,135,3
676,2012-06-09 00:29:13,2DTTL,136,3
677,2012-06-10 00:29:13,2DTTL,136,3
678,2012-06-11 00:29:13,2DTTL,136,3
679,2012-06-12 00:29:13,2DTTL,136,3
680,2012-06-13 00:29:13,2DTTL,136,3
681,2018-08-20 03:54:04,2PMGT,137,3
682,2018-08-21 03:54:04,2PMGT,137,3
683,2018-08-22 03:54:04,2PMGT,137,3
684,2018-08-23 03:54:04,2PMGT,137,3
685,2018-08-24 03:54:04,2PMGT,137,3
686,2014-04-09 09:46:56,2COOR,138,3
687,2014-04-10 09:46:56,2COOR,138,3
688,2014-04-11 09:46:56,2COOR,138,3
689,2014-04-12 09:46:56,2COOR,138,3
690,2014-04-13 09:46:56,2COOR,138,3
691,2012-09-12 11:23:45,2DSTM,139,3
692,2012-09-13 11:23:45,2DSTM,139,3
693,2012-09-14 11:23:45,2DSTM,139,3
694,2012-09-15 11:23:45,2DSTM,139,3
695,2012-09-16 11:23:45,2DSTM,139,3
696,2012-09-23 15:29:53,2DVST,140,3
697,2012-09-24 15:29:53,2DVST,140,3
698,2012-09-25 15:29:53,2DVST,140,3
699,2012-09-26 15:29:53,2DVST,140,3
700,2012-09-27 15:29:53,2DVST,140,3
701,2015-11-07 09:35:49,2JAVA,141,3
702,2015-11-08 09:35:49,2JAVA,141,3
703,2015-11-09 09:35:49,2JAVA,141,3
704,2015-11-10 09:35:49,2JAVA,141,3
705,2015-11-11 09:35:49,2JAVA,141,3
706,2014-07-01 11:35:56,2CCPP,142,3
707,2014-07-02 11:35:56,2CCPP,142,3
708,2014-07-03 11:35:56,2CCPP,142,3
709,2014-07-04 11:35:56,2CCPP,142,3
710,2014-07-05 11:35:56,2CCPP,142,3
711,2012-04-30 08:25:45,2PHPD,143,3
712,2012-05-01 08:25:45,2PHPD,143,3
713,2012-05-02 08:25:45,2PHPD,143,3
714,2012-05-03 08:25:45,2PHPD,143,3
715,2012-05-04 08:25:45,2PHPD,143,3
716,2014-11-21 17:44:36,2SEOE,144,3
717,2014-11-22 17:44:36,2SEOE,144,3
718,2014-11-23 17:44:36,2SEOE,144,3
719,2014-11-24 17:44:36,2SEOE,144,3
720,2014-11-25 17:44:36,2SEOE,144,3
721,2014-04-22 23:19:50,2UIXD,145,3
722,2014-04-23 23:19:50,2UIXD,145,3
723,2014-04-24 23:19:50,2UIXD,145,3
724,2014-04-25 23:19:50,2UIXD,145,3
725,2014-04-26 23:19:50,2UIXD,145,3
726,2015-01-05 16:04:44,2MCSA,146,3
727,2015-01-06 16:04:44,2MCSA,146,3
728,2015-01-07 16:04:44,2MCSA,146,3
729,2015-01-08 16:04:44,2MCSA,146,3
730,2015-01-09 16:04:44,2MCSA,146,3
731,2019-12-18 10:32:51,2ENGL,147,3
732,2019-12-19 10:32:51,2ENGL,147,3
733,2019-12-20 10:32:51,2ENGL,147,3
734,2019-12-21 10:32:51,2ENGL,147,3
735,2019-12-22 10:32:51,2ENGL,147,3
736,2017-04-17 23:22:38,3BOPA,148,3
737,2017-04-18 23:22:38,3BOPA,148,3
738,2017-04-19 23:22:38,3BOPA,148,3
739,2017-04-20 23:22:38,3BOPA,148,3
740,2017-04-21 23:22:38,3BOPA,148,3
741,2019-03-12 23:05:49,3INML,149,3
742,2019-03-13 23:05:49,3INML,149,3
743,2019-03-14 23:05:49,3INML,149,3
744,2019-03-15 23:05:49,3INML,149,3
745,2019-03-16 23:05:49,3INML,149,3
746,2017-08-10 18:28:39,3AGIL,150,3
747,2017-08-11 18:28:39,3AGIL,150,3
748,2017-08-12 18:28:39,3AGIL,150,3
749,2017-08-13 18:28:39,3AGIL,150,3
750,2017-08-14 18:28:39,3AGIL,150,3
751,2018-01-07 10:01:33,3TPMG,151,3
752,2018-01-08 10:01:33,3TPMG,151,3
753,2018-01-09 10:01:33,3TPMG,151,3
754,2018-01-10 10:01:33,3TPMG,151,3
755,2018-01-11 10:01:33,3TPMG,151,3
756,2017-09-24 22:41:28,3DVSC,152,3
757,2017-09-25 22:41:28,3DVSC,152,3
758,2017-09-26 22:41:28,3DVSC,152,3
759,2017-09-27 22:41:28,3DVSC,152,3
760,2017-09-28 22:41:28,3DVSC,152,3
761,2017-09-15 10:41:21,3ASPC,153,3
762,2017-09-16 10:41:21,3ASPC,153,3
763,2017-09-17 10:41:21,3ASPC,153,3
764,2017-09-18 10:41:21,3ASPC,153,3
765,2017-09-19 10:41:21,3ASPC,153,3
766,2014-12-03 22:04:17,3ANDM,154,3
767,2014-12-04 22:04:17,3ANDM,154,3
768,2014-12-05 22:04:17,3ANDM,154,3
769,2014-12-06 22:04:17,3ANDM,154,3
770,2014-12-07 22:04:17,3ANDM,154,3
771,2013-10-27 13:41:53,3IOSD,155,3
772,2013-10-28 13:41:53,3IOSD,155,3
773,2013-10-29 13:41:53,3IOSD,155,3
774,2013-10-30 13:41:53,3IOSD,155,3
775,2013-10-31 13:41:53,3IOSD,155,3
776,2013-05-01 22:27:01,3MERN,156,3
777,2013-05-02 22:27:01,3MERN,156,3
778,2013-05-03 22:27:01,3MERN,156,3
779,2013-05-04 22:27:01,3MERN,156,3
780,2013-05-05 22:27:01,3MERN,156,3
781,2018-12-21 14:36:23,3CCNA,157,3
782,2018-12-22 14:36:23,3CCNA,157,3
783,2018-12-23 14:36:23,3CCNA,157,3
784,2018-12-24 14:36:23,3CCNA,157,3
785,2018-12-25 14:36:23,3CCNA,157,3
786,2017-05-08 23:10:25,3SECU,158,3
787,2017-05-09 23:10:25,3SECU,158,3
788,2017-05-10 23:10:25,3SECU,158,3
789,2017-05-11 23:10:25,3SECU,158,3
790,2017-05-12 23:10:25,3SECU,158,3
791,2018-03-13 17:46:04,3ENGL,159,3
792,2018-03-14 17:46:04,3ENGL,159,3
793,2018-03-15 17:46:04,3ENGL,159,3
794,2018-03-16 17:46:04,3ENGL,159,3
795,2018-03-17 17:46:04,3ENGL,159,3
796,2019-05-23 21:41:04,5ITIL,160,3
797,2019-05-24 21:41:04,5ITIL,160,3
798,2019-05-25 21:41:04,5ITIL,160,3
799,2019-05-26 21:41:04,5ITIL,160,3
800,2019-05-27 21:41:04,5ITIL,160,3
801,2013-07-11 21:40:30,5DOOP,161,3
802,2013-07-12 21:40:30,5DOOP,161,3
803,2013-07-13 21:40:30,5DOOP,161,3
804,2013-07-14 21:40:30,5DOOP,161,3
805,2013-07-15 21:40:30,5DOOP,161,3
806,2012-05-10 20:48:46,5CCNA,162,3
807,2012-05-11 20:48:46,5CCNA,162,3
808,2012-05-12 20:48:46,5CCNA,162,3
809,2012-05-13 20:48:46,5CCNA,162,3
810,2012-05-14 20:48:46,5CCNA,162,3
811,2015-01-30 10:03:11,5DEEP,163,3
812,2015-01-31 10:03:11,5DEEP,163,3
813,2015-02-01 10:03:11,5DEEP,163,3
814,2015-02-02 10:03:11,5DEEP,163,3
815,2015-02-03 10:03:11,5DEEP,163,3
816,2013-04-14 16:31:48,5AIML,164,3
817,2013-04-15 16:31:48,5AIML,164,3
818,2013-04-16 16:31:48,5AIML,164,3
819,2013-04-17 16:31:48,5AIML,164,3
820,2013-04-18 16:31:48,5AIML,164,3
821,2016-11-27 22:40:20,5ENGL,165,3
822,2016-11-28 22:40:20,5ENGL,165,3
823,2016-11-29 22:40:20,5ENGL,165,3
824,2016-11-30 22:40:20,5ENGL,165,3
825,2016-12-01 22:40:20,5ENGL,165,3
826,2015-05-07 08:12:52,5DATA,166,4
827,2015-05-08 08:12:52,5DATA,166,4
828,2015-05-09 08:12:52,5DATA,166,4
829,2015-05-10 08:12:52,5DATA,166,4
830,2015-05-11 08:12:52,5DATA,166,4
831,2017-05-02 07:24:00,4ARCH,167,4
832,2017-05-03 07:24:00,4ARCH,167,4
833,2017-05-04 07:24:00,4ARCH,167,4
834,2017-05-05 07:24:00,4ARCH,167,4
835,2017-05-06 07:24:00,4ARCH,167,4
836,2014-12-20 11:09:36,4CCNA,168,4
837,2014-12-21 11:09:36,4CCNA,168,4
838,2014-12-22 11:09:36,4CCNA,168,4
839,2014-12-23 11:09:36,4CCNA,168,4
840,2014-12-24 11:09:36,4CCNA,168,4
841,2013-04-17 15:13:52,4DATA,169,4
842,2013-04-18 15:13:52,4DATA,169,4
843,2013-04-19 15:13:52,4DATA,169,4
844,2013-04-20 15:13:52,4DATA,169,4
845,2013-04-21 15:13:52,4DATA,169,4
846,2016-03-27 03:11:40,4DOKR,170,4
847,2016-03-28 03:11:40,4DOKR,170,4
848,2016-03-29 03:11:40,4DOKR,170,4
849,2016-03-30 03:11:40,4DOKR,170,4
850,2016-03-31 03:11:40,4DOKR,170,4
851,2015-06-16 22:53:28,4GDPR,171,4
852,2015-06-17 22:53:28,4GDPR,171,4
853,2015-06-18 22:53:28,4GDPR,171,4
854,2015-06-19 22:53:28,4GDPR,171,4
855,2015-06-20 22:53:28,4GDPR,171,4
856,2017-09-23 16:14:04,4KUBE,172,4
857,2017-09-24 16:14:04,4KUBE,172,4
858,2017-09-25 16:14:04,4KUBE,172,4
859,2017-09-26 16:14:04,4KUBE,172,4
860,2017-09-27 16:14:04,4KUBE,172,4
861,2012-11-15 22:03:18,4PENE,173,4
862,2012-11-16 22:03:18,4PENE,173,4
863,2012-11-17 22:03:18,4PENE,173,4
864,2012-11-18 22:03:18,4PENE,173,4
865,2012-11-19 22:03:18,4PENE,173,4
866,2012-04-19 21:19:28,4VIRT,174,4
867,2012-04-20 21:19:28,4VIRT,174,4
868,2012-04-21 21:19:28,4VIRT,174,4
869,2012-04-22 21:19:28,4VIRT,174,4
870,2012-04-23 21:19:28,4VIRT,174,4
871,2016-04-05 13:13:46,4CHGM,175,4
872,2016-04-06 13:13:46,4CHGM,175,4
873,2016-04-07 13:13:46,4CHGM,175,4
874,2016-04-08 13:13:46,4CHGM,175,4
875,2016-04-09 13:13:46,4CHGM,175,4
876,2013-05-20 03:25:31,4DVOP,176,4
877,2013-05-21 03:25:31,4DVOP,176,4
878,2013-05-22 03:25:31,4DVOP,176,4
879,2013-05-23 03:25:31,4DVOP,176,4
880,2013-05-24 03:25:31,4DVOP,176,4
881,2015-01-18 00:54:58,4MLSP,177,4
882,2015-01-19 00:54:58,4MLSP,177,4
883,2015-01-20 00:54:58,4MLSP,177,4
884,2015-01-21 00:54:58,4MLSP,177,4
885,2015-01-22 00:54:58,4MLSP,177,4
886,2018-03-11 07:00:32,5RBIG,178,4
887,2018-03-12 07:00:32,5RBIG,178,4
888,2018-03-13 07:00:32,5RBIG,178,4
889,2018-03-14 07:00:32,5RBIG,178,4
890,2018-03-15 07:00:32,5RBIG,178,4
891,2018-08-22 01:34:22,1PROG,179,4
892,2018-08-23 01:34:22,1PROG,179,4
893,2018-08-24 01:34:22,1PROG,179,4
894,2018-08-25 01:34:22,1PROG,179,4
895,2018-08-26 01:34:22,1PROG,179,4
896,2015-08-05 06:13:40,1WDEV,180,4
897,2015-08-06 06:13:40,1WDEV,180,4
898,2015-08-07 06:13:40,1WDEV,180,4
899,2015-08-08 06:13:40,1WDEV,180,4
900,2015-08-09 06:13:40,1WDEV,180,4
901,2016-01-02 05:14:17,1JWPD,181,4
902,2016-01-03 05:14:17,1JWPD,181,4
903,2016-01-04 05:14:17,1JWPD,181,4
904,2016-01-05 05:14:17,1JWPD,181,4
905,2016-01-06 05:14:17,1JWPD,181,4
906,2012-06-05 22:16:39,1PYTH,182,4
907,2012-06-06 22:16:39,1PYTH,182,4
908,2012-06-07 22:16:39,1PYTH,182,4
909,2012-06-08 22:16:39,1PYTH,182,4
910,2012-06-09 22:16:39,1PYTH,182,4
911,2014-06-21 13:58:54,1SGBD,183,4
912,2014-06-22 13:58:54,1SGBD,183,4
913,2014-06-23 13:58:54,1SGBD,183,4
914,2014-06-24 13:58:54,1SGBD,183,4
915,2014-06-25 13:58:54,1SGBD,183,4
916,2018-07-16 03:03:21,1INTD,184,4
917,2018-07-17 03:03:21,1INTD,184,4
918,2018-07-18 03:03:21,1INTD,184,4
919,2018-07-19 03:03:21,1INTD,184,4
920,2018-07-20 03:03:21,1INTD,184,4
921,2012-02-04 02:38:02,1ITWO,185,4
922,2012-02-05 02:38:02,1ITWO,185,4
923,2012-02-06 02:38:02,1ITWO,185,4
924,2012-02-07 02:38:02,1ITWO,185,4
925,2012-02-08 02:38:02,1ITWO,185,4
926,2017-12-16 12:17:38,1TEAM,186,4
927,2017-12-17 12:17:38,1TEAM,186,4
928,2017-12-18 12:17:38,1TEAM,186,4
929,2017-12-19 12:17:38,1TEAM,186,4
930,2017-12-20 12:17:38,1TEAM,186,4
931,2018-04-19 13:47:02,1ILIP,187,4
932,2018-04-20 13:47:02,1ILIP,187,4
933,2018-04-21 13:47:02,1ILIP,187,4
934,2018-04-22 13:47:02,1ILIP,187,4
935,2018-04-23 13:47:02,1ILIP,187,4
936,2014-09-14 10:05:00,1ENGL,188,4
937,2014-09-15 10:05:00,1ENGL,188,4
938,2014-09-16 10:05:00,1ENGL,188,4
939,2014-09-17 10:05:00,1ENGL,188,4
940,2014-09-18 10:05:00,1ENGL,188,4
941,2017-05-31 20:33:01,2AWSP,189,4
942,2017-06-01 20:33:01,2AWSP,189,4
943,2017-06-02 20:33:01,2AWSP,189,4
944,2017-06-03 20:33:01,2AWSP,189,4
945,2017-06-04 20:33:01,2AWSP,189,4
946,2015-11-18 10:01:58,2BABA,190,4
947,2015-11-19 10:01:58,2BABA,190,4
948,2015-11-20 10:01:58,2BABA,190,4
949,2015-11-21 10:01:58,2BABA,190,4
950,2015-11-22 10:01:58,2BABA,190,4
951,2013-02-27 02:32:22,2DTTL,191,4
952,2013-02-28 02:32:22,2DTTL,191,4
953,2013-03-01 02:32:22,2DTTL,191,4
954,2013-03-02 02:32:22,2DTTL,191,4
955,2013-03-03 02:32:22,2DTTL,191,4
956,2015-03-07 03:02:51,2PMGT,192,4
957,2015-03-08 03:02:51,2PMGT,192,4
958,2015-03-09 03:02:51,2PMGT,192,4
959,2015-03-10 03:02:51,2PMGT,192,4
960,2015-03-11 03:02:51,2PMGT,192,4
961,2013-06-02 21:20:43,2COOR,193,4
962,2013-06-03 21:20:43,2COOR,193,4
963,2013-06-04 21:20:43,2COOR,193,4
964,2013-06-05 21:20:43,2COOR,193,4
965,2013-06-06 21:20:43,2COOR,193,4
966,2019-12-10 07:44:05,2DSTM,194,4
967,2019-12-11 07:44:05,2DSTM,194,4
968,2019-12-12 07:44:05,2DSTM,194,4
969,2019-12-13 07:44:05,2DSTM,194,4
970,2019-12-14 07:44:05,2DSTM,194,4
971,2017-12-14 09:20:40,2DVST,195,4
972,2017-12-15 09:20:40,2DVST,195,4
973,2017-12-16 09:20:40,2DVST,195,4
974,2017-12-17 09:20:40,2DVST,195,4
975,2017-12-18 09:20:40,2DVST,195,4
976,2018-11-18 18:25:02,2JAVA,196,4
977,2018-11-19 18:25:02,2JAVA,196,4
978,2018-11-20 18:25:02,2JAVA,196,4
979,2018-11-21 18:25:02,2JAVA,196,4
980,2018-11-22 18:25:02,2JAVA,196,4
981,2018-02-22 00:07:02,2CCPP,197,4
982,2018-02-23 00:07:02,2CCPP,197,4
983,2018-02-24 00:07:02,2CCPP,197,4
984,2018-02-25 00:07:02,2CCPP,197,4
985,2018-02-26 00:07:02,2CCPP,197,4
986,2012-02-13 15:03:18,2PHPD,198,4
987,2012-02-14 15:03:18,2PHPD,198,4
988,2012-02-15 15:03:18,2PHPD,198,4
989,2012-02-16 15:03:18,2PHPD,198,4
990,2012-02-17 15:03:18,2PHPD,198,4
991,2017-03-22 11:39:39,2SEOE,199,4
992,2017-03-23 11:39:39,2SEOE,199,4
993,2017-03-24 11:39:39,2SEOE,199,4
994,2017-03-25 11:39:39,2SEOE,199,4
995,2017-03-26 11:39:39,2SEOE,199,4
996,2019-07-23 00:30:29,2UIXD,200,4
997,2019-07-24 00:30:29,2UIXD,200,4
998,2019-07-25 00:30:29,2UIXD,200,4
999,2019-07-26 00:30:29,2UIXD,200,4
1000,2019-07-27 00:30:29,2UIXD,200,4
1001,2017-07-09 07:12:34,2MCSA,201,4
1002,2017-07-10 07:12:34,2MCSA,201,4
1003,2017-07-11 07:12:34,2MCSA,201,4
1004,2017-07-12 07:12:34,2MCSA,201,4
1005,2017-07-13 07:12:34,2MCSA,201,4
1006,2012-08-23 23:27:43,2ENGL,202,4
1007,2012-08-24 23:27:43,2ENGL,202,4
1008,2012-08-25 23:27:43,2ENGL,202,4
1009,2012-08-26 23:27:43,2ENGL,202,4
1010,2012-08-27 23:27:43,2ENGL,202,4
1011,2015-11-06 08:30:46,3BOPA,203,4
1012,2015-11-07 08:30:46,3BOPA,203,4
1013,2015-11-08 08:30:46,3BOPA,203,4
1014,2015-11-09 08:30:46,3BOPA,203,4
1015,2015-11-10 08:30:46,3BOPA,203,4
1016,2013-11-08 06:24:59,3INML,204,4
1017,2013-11-09 06:24:59,3INML,204,4
1018,2013-11-10 06:24:59,3INML,204,4
1019,2013-11-11 06:24:59,3INML,204,4
1020,2013-11-12 06:24:59,3INML,204,4
1021,2012-07-20 21:42:51,3AGIL,205,4
1022,2012-07-21 21:42:51,3AGIL,205,4
1023,2012-07-22 21:42:51,3AGIL,205,4
1024,2012-07-23 21:42:51,3AGIL,205,4
1025,2012-07-24 21:42:51,3AGIL,205,4
1026,2014-05-01 23:02:01,3TPMG,206,4
1027,2014-05-02 23:02:01,3TPMG,206,4
1028,2014-05-03 23:02:01,3TPMG,206,4
1029,2014-05-04 23:02:01,3TPMG,206,4
1030,2014-05-05 23:02:01,3TPMG,206,4
1031,2017-07-04 16:53:30,3DVSC,207,4
1032,2017-07-05 16:53:30,3DVSC,207,4
1033,2017-07-06 16:53:30,3DVSC,207,4
1034,2017-07-07 16:53:30,3DVSC,207,4
1035,2017-07-08 16:53:30,3DVSC,207,4
1036,2018-04-10 14:49:12,3ASPC,208,4
1037,2018-04-11 14:49:12,3ASPC,208,4
1038,2018-04-12 14:49:12,3ASPC,208,4
1039,2018-04-13 14:49:12,3ASPC,208,4
1040,2018-04-14 14:49:12,3ASPC,208,4
1041,2016-07-05 03:31:14,3ANDM,209,4
1042,2016-07-06 03:31:14,3ANDM,209,4
1043,2016-07-07 03:31:14,3ANDM,209,4
1044,2016-07-08 03:31:14,3ANDM,209,4
1045,2016-07-09 03:31:14,3ANDM,209,4
1046,2019-12-29 23:23:17,3IOSD,210,4
1047,2019-12-30 23:23:17,3IOSD,210,4
1048,2019-12-31 23:23:17,3IOSD,210,4
1049,2020-01-01 23:23:17,3IOSD,210,4
1050,2020-01-02 23:23:17,3IOSD,210,4
1051,2014-11-03 07:05:46,3MERN,211,4
1052,2014-11-04 07:05:46,3MERN,211,4
1053,2014-11-05 07:05:46,3MERN,211,4
1054,2014-11-06 07:05:46,3MERN,211,4
1055,2014-11-07 07:05:46,3MERN,211,4
1056,2015-11-24 09:40:52,3CCNA,212,4
1057,2015-11-25 09:40:52,3CCNA,212,4
1058,2015-11-26 09:40:52,3CCNA,212,4
1059,2015-11-27 09:40:52,3CCNA,212,4
1060,2015-11-28 09:40:52,3CCNA,212,4
1061,2017-06-17 04:26:29,3SECU,213,4
1062,2017-06-18 04:26:29,3SECU,213,4
1063,2017-06-19 04:26:29,3SECU,213,4
1064,2017-06-20 04:26:29,3SECU,213,4
1065,2017-06-21 04:26:29,3SECU,213,4
1066,2016-07-01 07:27:37,3ENGL,214,4
1067,2016-07-02 07:27:37,3ENGL,214,4
1068,2016-07-03 07:27:37,3ENGL,214,4
1069,2016-07-04 07:27:37,3ENGL,214,4
1070,2016-07-05 07:27:37,3ENGL,214,4
1071,2013-01-11 06:49:15,5ITIL,215,4
1072,2013-01-12 06:49:15,5ITIL,215,4
1073,2013-01-13 06:49:15,5ITIL,215,4
1074,2013-01-14 06:49:15,5ITIL,215,4
1075,2013-01-15 06:49:15,5ITIL,215,4
1076,2017-06-11 21:21:01,5DOOP,216,4
1077,2017-06-12 21:21:01,5DOOP,216,4
1078,2017-06-13 21:21:01,5DOOP,216,4
1079,2017-06-14 21:21:01,5DOOP,216,4
1080,2017-06-15 21:21:01,5DOOP,216,4
1081,2012-12-26 14:11:34,5CCNA,217,4
1082,2012-12-27 14:11:34,5CCNA,217,4
1083,2012-12-28 14:11:34,5CCNA,217,4
1084,2012-12-29 14:11:34,5CCNA,217,4
1085,2012-12-30 14:11:34,5CCNA,217,4
1086,2012-08-12 18:03:02,5DEEP,218,4
1087,2012-08-13 18:03:02,5DEEP,218,4
1088,2012-08-14 18:03:02,5DEEP,218,4
1089,2012-08-15 18:03:02,5DEEP,218,4
1090,2012-08-16 18:03:02,5DEEP,218,4
1091,2019-07-04 08:45:23,5AIML,219,4
1092,2019-07-05 08:45:23,5AIML,219,4
1093,2019-07-06 08:45:23,5AIML,219,4
1094,2019-07-07 08:45:23,5AIML,219,4
1095,2019-07-08 08:45:23,5AIML,219,4
1096,2015-11-13 12:14:04,5ENGL,220,4
1097,2015-11-14 12:14:04,5ENGL,220,4
1098,2015-11-15 12:14:04,5ENGL,220,4
1099,2015-11-16 12:14:04,5ENGL,220,4
1100,2015-11-17 12:14:04,5ENGL,220,4
